bee_species,bee_genus,bee_family,range_size_m2,pollen_genera_count,pollen_families_count,diet_binary_genus,diet_binary_family,no_records_in_Dorey,bee_family_n,bee_species_original_wood
Bombus brodmannicus,Bombus,Apidae,146397735.3,12,8,generalist,generalist,9,Apidae (n = 83),Bombus brodmannicus
Andrena funerea,Andrena,Andrenidae,194336403,3,1,generalist,specialist,32,Andrenidae (n = 168),Andrena funerea
Andrena elata,Andrena,Andrenidae,1340331154,1,1,genus specialist,specialist,13,Andrenidae (n = 168),Andrena elata
Andrena omnilaevis,Andrena,Andrenidae,1563745237,1,1,genus specialist,specialist,6,Andrenidae (n = 168),Andrena omnilaevis
Eucera decolorata,Eucera,Apidae,2487597454,12,6,generalist,generalist,4,Apidae (n = 83),Eucera decolorata
Andrena melittoides,Andrena,Andrenidae,2819777068,11,8,generalist,generalist,4,Andrenidae (n = 168),Andrena melittoides
Lasioglossum virens,Lasioglossum,Halictidae,5890385747,5,4,generalist,generalist,8,Halictidae (n = 72),Lasioglossum virens
Andrena minapalumboi,Andrena,Andrenidae,7261709692,2,1,generalist,specialist,3,Andrenidae (n = 168),Andrena minapalumboi
Flavipanurgus kastiliensis,Flavipanurgus,Andrenidae,9591870155,1,1,genus specialist,specialist,7,Andrenidae (n = 168),Flavipanurgus kastiliensis
Lasioglossum mandibulare,Lasioglossum,Halictidae,17173478515,5,4,generalist,generalist,34,Halictidae (n = 72),Lasioglossum mandibulare
Camptopoeum sacrum,Camptopoeum,Andrenidae,22963336116,1,1,genus specialist,specialist,4,Andrenidae (n = 168),Camptopoeum sacrum
Andrena boyerella,Andrena,Andrenidae,27646474937,2,1,generalist,specialist,7,Andrenidae (n = 168),Andrena boyerella
Andrena farinosa,Andrena,Andrenidae,33909328716,2,1,generalist,specialist,6,Andrenidae (n = 168),Andrena farinosa
Andrena biskrensis,Andrena,Andrenidae,39166754362,6,5,generalist,generalist,23,Andrenidae (n = 168),Andrena biskrensis
Andrena pauxilla,Andrena,Andrenidae,51290361721,4,2,generalist,generalist,7,Andrenidae (n = 168),Andrena pauxilla
Clavipanurgus punctiventris,Clavipanurgus,Andrenidae,63370660081,3,1,generalist,specialist,21,Andrenidae (n = 168),Clavipanurgus punctiventris
Eucera collaris,Eucera,Apidae,71697157198,9,6,generalist,generalist,27,Apidae (n = 83),Eucera collaris
Andrena rugothorace,Andrena,Andrenidae,77017029716,1,1,genus specialist,specialist,7,Andrenidae (n = 168),Andrena rugothorace
Colletes acutus,Colletes,Colletidae,77977129874,6,6,generalist,generalist,13,Colletidae (n = 10),Colletes acutus
Andrena oviventris,Andrena,Andrenidae,78680237431,4,4,generalist,generalist,35,Andrenidae (n = 168),Andrena oviventris
Andrena leptopyga,Andrena,Andrenidae,89706161650,5,4,generalist,generalist,4,Andrenidae (n = 168),Andrena leptopyga
Panurgus maroccanus,Panurgus,Andrenidae,94985061056,3,1,generalist,specialist,86,Andrenidae (n = 168),Panurgus maroccanus
Panurgus perezi,Panurgus,Andrenidae,101465017501,1,1,genus specialist,specialist,5,Andrenidae (n = 168),Panurgus perezi
Melitturga caudata,Melitturga,Andrenidae,132583201412,7,2,generalist,generalist,28,Andrenidae (n = 168),Melitturga caudata
Andrena blanda,Andrena,Andrenidae,134162477611,1,1,genus specialist,specialist,6,Andrenidae (n = 168),Andrena blanda
Clavipanurgus sculpturatus,Clavipanurgus,Andrenidae,145223344482,2,1,generalist,specialist,16,Andrenidae (n = 168),Clavipanurgus sculpturatus
Andrena numida,Andrena,Andrenidae,171416510929,4,2,generalist,generalist,16,Andrenidae (n = 168),Andrena numida
Andrena djelfensis,Andrena,Andrenidae,188179962157,4,2,generalist,generalist,9,Andrenidae (n = 168),Andrena djelfensis
Andrena fulica,Andrena,Andrenidae,221061215933,4,2,generalist,generalist,13,Andrenidae (n = 168),Andrena fulica
Bombus incertus,Bombus,Apidae,227697418537,25,13,generalist,generalist,8,Apidae (n = 83),Bombus incertus
Andrena afrensis,Andrena,Andrenidae,254103516232,11,6,generalist,generalist,102,Andrenidae (n = 168),Andrena afrensis
Andrena nigroviridula,Andrena,Andrenidae,254226589160,3,1,generalist,specialist,4,Andrenidae (n = 168),Andrena nigroviridula
Andrena rhyssonota,Andrena,Andrenidae,280503040134,1,1,genus specialist,specialist,40,Andrenidae (n = 168),Andrena rhyssonota
Panurgus cephalotes,Panurgus,Andrenidae,295058008016,5,1,generalist,specialist,9,Andrenidae (n = 168),Panurgus cephalotes
Andrena pandosa,Andrena,Andrenidae,306581153210,1,1,genus specialist,specialist,8,Andrenidae (n = 168),Andrena pandosa s. str.
Halictus crenicornis,Halictus,Halictidae,355990686610,15,12,generalist,generalist,13,Halictidae (n = 72),Halictus crenicornis
Eucera furfurea,Eucera,Apidae,359598016052,1,1,genus specialist,specialist,12,Apidae (n = 83),Eucera furfurea
Eucera eucnemidea,Eucera,Apidae,383060731321,7,2,generalist,generalist,10,Apidae (n = 83),Eucera eucnemidea
Andrena longibarbis,Andrena,Andrenidae,396923820409,4,2,generalist,generalist,37,Andrenidae (n = 168),Andrena longibarbis
Andrena tuberculifera,Andrena,Andrenidae,414772142205,9,5,generalist,generalist,22,Andrenidae (n = 168),Andrena tuberculifera
Anthophora femorata,Anthophora,Apidae,446884911728,1,1,genus specialist,specialist,34,Apidae (n = 83),Anthophora femorata
Bombus mendax,Bombus,Apidae,472250933254,13,8,generalist,generalist,1265,Apidae (n = 83),Bombus mendax
Andrena aerinifrons,Andrena,Andrenidae,498055432937,2,1,generalist,specialist,14,Andrenidae (n = 168),Andrena aerinifrons
Camptopoeum friesei,Camptopoeum,Andrenidae,500677212138,1,1,genus specialist,specialist,132,Andrenidae (n = 168),Camptopoeum friesei euzonus
Andrena isis,Andrena,Andrenidae,521864702286,2,1,generalist,specialist,14,Andrenidae (n = 168),Andrena isis
Panurgus canescens,Panurgus,Andrenidae,544561470020,2,1,generalist,specialist,13,Andrenidae (n = 168),Panurgus canescens
Andrena florentina,Andrena,Andrenidae,563289720904,1,1,genus specialist,specialist,6,Andrenidae (n = 168),Andrena florentina
Eucera elongatula,Eucera,Apidae,565863408847,21,11,generalist,generalist,24,Apidae (n = 83),Eucera elongatula
Lasioglossum bimaculatum,Lasioglossum,Halictidae,581742574182,6,5,generalist,generalist,23,Halictidae (n = 72),Lasioglossum bimaculatum
Andrena antigana,Andrena,Andrenidae,591653216066,4,1,generalist,specialist,32,Andrenidae (n = 168),Andrena antigana
Andrena ferrugineicrus,Andrena,Andrenidae,593853542361,4,1,generalist,specialist,47,Andrenidae (n = 168),Andrena ferrugineicrus
Eucera notata,Eucera,Apidae,651974936512,8,3,generalist,generalist,17,Apidae (n = 83),Eucera notata
Andrena fabrella,Andrena,Andrenidae,658347790937,2,1,generalist,specialist,72,Andrenidae (n = 168),Andrena fabrella
Andrena leucolippa,Andrena,Andrenidae,785393038986,1,1,genus specialist,specialist,160,Andrenidae (n = 168),Andrena leucolippa
Andrena vulpecula,Andrena,Andrenidae,838596676635,2,1,generalist,specialist,58,Andrenidae (n = 168),Andrena vulpecula
Andrena senecionis,Andrena,Andrenidae,855051855646,3,1,generalist,specialist,79,Andrenidae (n = 168),Andrena senecionis
Panurginus albopilosus,Panurginus,Andrenidae,923439272657,1,1,genus specialist,specialist,10,Andrenidae (n = 168),Panurginus albopilosus
Anthophora atriceps,Anthophora,Apidae,929604698429,6,4,generalist,generalist,58,Apidae (n = 83),Anthophora atriceps
Andrena asperrima,Andrena,Andrenidae,951792586801,10,4,generalist,generalist,35,Andrenidae (n = 168),Andrena asperrima
Eucera alternans,Eucera,Apidae,952265657939,12,8,generalist,generalist,6,Apidae (n = 83),Eucera alternans
Andrena nitidula,Andrena,Andrenidae,972215590290,3,1,generalist,specialist,42,Andrenidae (n = 168),Andrena nitidula
Lasioglossum mediterraneum,Lasioglossum,Halictidae,975965057501,18,16,generalist,generalist,23,Halictidae (n = 72),Lasioglossum mediterraneum
Andrena assimilis,Andrena,Andrenidae,988547999094,12,11,generalist,generalist,16,Andrenidae (n = 168),Andrena assimilis
Andrena orbitalis,Andrena,Andrenidae,1058600917920,1,1,genus specialist,specialist,108,Andrenidae (n = 168),Andrena orbitalis
Bombus mucidus,Bombus,Apidae,1112517792828,8,5,generalist,generalist,992,Apidae (n = 83),Bombus mucidus
Andrena aegyptiaca,Andrena,Andrenidae,1135568894329,1,1,genus specialist,specialist,40,Andrenidae (n = 168),Andrena aegyptiaca
Andrena tenuistriata,Andrena,Andrenidae,1147824240063,4,3,generalist,generalist,97,Andrenidae (n = 168),Andrena tenuistriata
Andrena rhenana,Andrena,Andrenidae,1149806664087,1,1,genus specialist,specialist,109,Andrenidae (n = 168),Andrena rhenana
Andrena mucida,Andrena,Andrenidae,1170629367373,4,4,generalist,generalist,28,Andrenidae (n = 168),Andrena mucida
Andrena ranunculorum,Andrena,Andrenidae,1171334537963,7,6,generalist,generalist,53,Andrenidae (n = 168),Andrena ranunculorum
Andrena spolata,Andrena,Andrenidae,1185387682675,2,1,generalist,specialist,31,Andrenidae (n = 168),Andrena spolata
Andrena bicolorata,Andrena,Andrenidae,1222817061049,2,1,generalist,specialist,42,Andrenidae (n = 168),Andrena bicolorata
Andrena anthrisci,Andrena,Andrenidae,1245426786652,12,10,generalist,generalist,48,Andrenidae (n = 168),Andrena anthrisci
Eucera caspica,Eucera,Apidae,1355751315026,7,3,generalist,generalist,30,Apidae (n = 83),Eucera caspica
Andrena ventricosa,Andrena,Andrenidae,1542620582030,8,5,generalist,generalist,29,Andrenidae (n = 168),Andrena ventricosa
Andrena verticalis,Andrena,Andrenidae,1558361334152,6,2,generalist,generalist,125,Andrenidae (n = 168),Andrena verticalis
Lasioglossum subhirtum,Lasioglossum,Halictidae,1635261872762,8,7,generalist,generalist,142,Halictidae (n = 72),Lasioglossum subhirtum
Lasioglossum corvinum,Lasioglossum,Halictidae,1655069803473,4,2,generalist,generalist,14,Halictidae (n = 72),Lasioglossum corvinum
Andrena bucephala,Andrena,Andrenidae,1746025034069,5,4,generalist,generalist,632,Andrenidae (n = 168),Andrena bucephala
Lasioglossum cattellae,Lasioglossum,Halictidae,1786408402588,5,5,generalist,generalist,219,Halictidae (n = 72),Lasioglossum cattellae
Lasioglossum albocinctum,Lasioglossum,Halictidae,1834453171652,5,3,generalist,generalist,161,Halictidae (n = 72),Lasioglossum albocinctum
Andrena ampla,Andrena,Andrenidae,1932096436835,3,1,generalist,specialist,439,Andrenidae (n = 168),Andrena ampla
Andrena vetula,Andrena,Andrenidae,1978012804296,5,3,generalist,generalist,45,Andrenidae (n = 168),Andrena vetula
Bombus zonatus,Bombus,Apidae,2292775431135,19,7,generalist,generalist,119,Apidae (n = 83),Bombus zonatus
Camptopoeum frontale,Camptopoeum,Andrenidae,2328842401666,1,1,genus specialist,specialist,126,Andrenidae (n = 168),Camptopoeum frontale
Eucera nigrifacies,Eucera,Apidae,2362494317461,3,1,generalist,specialist,50,Apidae (n = 83),Eucera nigrifacies
Andrena truncatilabris,Andrena,Andrenidae,2377857623763,1,1,genus specialist,specialist,11,Andrenidae (n = 168),Andrena truncatilabris
Bombus niveatus,Bombus,Apidae,2394371486272,22,8,generalist,generalist,82,Apidae (n = 83),Bombus niveatus
Andrena decipiens,Andrena,Andrenidae,2537316941626,3,3,generalist,generalist,107,Andrenidae (n = 168),Andrena decipiens
Andrena hypopolia,Andrena,Andrenidae,2659188423017,4,3,generalist,generalist,109,Andrenidae (n = 168),Andrena hypopolia
Colletes validus,Colletes,Colletidae,2691490961173,1,1,genus specialist,specialist,392,Colletidae (n = 10),Colletes validus
Dufourea monardae,Dufourea,Halictidae,2810652150030,1,1,genus specialist,specialist,181,Halictidae (n = 72),Dufourea monardae
Eucera taurica,Eucera,Apidae,2880626887982,3,1,generalist,specialist,45,Apidae (n = 83),Eucera taurica
Andrena spreta,Andrena,Andrenidae,2937112484525,8,4,generalist,generalist,89,Andrenidae (n = 168),Andrena spreta
Andrena lagopus,Andrena,Andrenidae,2976934213493,1,1,genus specialist,specialist,633,Andrenidae (n = 168),Andrena lagopus
Andrena colletiformis,Andrena,Andrenidae,3077373179160,3,1,generalist,specialist,71,Andrenidae (n = 168),Andrena colletiformis
Andrena nana,Andrena,Andrenidae,3175060603127,8,3,generalist,generalist,310,Andrenidae (n = 168),Andrena nana
Lasioglossum convexiusculum,Lasioglossum,Halictidae,3321593046895,1,1,genus specialist,specialist,131,Halictidae (n = 72),Lasioglossum convexiusculum
Lasioglossum paradmirandum,Lasioglossum,Halictidae,3352169865872,13,10,generalist,generalist,348,Halictidae (n = 72),Lasioglossum paradmirandum
Andrena synadelpha,Andrena,Andrenidae,3411109185900,16,13,generalist,generalist,339,Andrenidae (n = 168),Andrena synadelpha
Eucera nigrilabris,Eucera,Apidae,3500487500698,10,4,generalist,generalist,106,Apidae (n = 83),Eucera nigrilabris
Lasioglossum pauperatum,Lasioglossum,Halictidae,3670188195685,10,9,generalist,generalist,129,Halictidae (n = 72),Lasioglossum pauperatum
Andrena cinerea,Andrena,Andrenidae,3815342364593,3,1,generalist,specialist,112,Andrenidae (n = 168),Andrena cinerea
Osmia conjuncta,Osmia,Megachilidae,3847750917234,6,4,generalist,generalist,482,Megachilidae (n = 20),Osmia conjuncta
Lasioglossum prasinum,Lasioglossum,Halictidae,3873196161410,5,5,generalist,generalist,346,Halictidae (n = 72),Lasioglossum prasinum
Lasioglossum acuminatum,Lasioglossum,Halictidae,3951266817271,11,10,generalist,generalist,940,Halictidae (n = 72),Lasioglossum acuminatum
Andrena variabilis,Andrena,Andrenidae,4084583343367,12,6,generalist,generalist,116,Andrenidae (n = 168),Andrena variabilis
Colletes thoracicus,Colletes,Colletidae,4308574418427,8,7,generalist,generalist,1642,Colletidae (n = 10),Colletes thoracicus
Andrena robertsonii,Andrena,Andrenidae,4426901611308,6,3,generalist,generalist,780,Andrenidae (n = 168),Andrena robertsonii
Andrena afzeliella,Andrena,Andrenidae,4434979651657,16,9,generalist,generalist,555,Andrenidae (n = 168),Andrena afzeliella
Lasioglossum anomalum,Lasioglossum,Halictidae,4445842003872,7,6,generalist,generalist,609,Halictidae (n = 72),Lasioglossum anomalum
Andrena bradleyi,Andrena,Andrenidae,4514316028852,1,1,genus specialist,specialist,737,Andrenidae (n = 168),Andrena bradleyi
Andrena wellesleyana,Andrena,Andrenidae,4583684287700,1,1,genus specialist,specialist,187,Andrenidae (n = 168),Andrena wellesleyana
Andrena integra,Andrena,Andrenidae,4618522283382,1,1,genus specialist,specialist,249,Andrenidae (n = 168),Andrena integra
Bombus mesomelas,Bombus,Apidae,4753314779189,36,15,generalist,generalist,1943,Apidae (n = 83),Bombus mesomelas
Andrena angustior,Andrena,Andrenidae,4789578214492,23,14,generalist,generalist,1405,Andrenidae (n = 168),Andrena angustior
Andrena ceanothi,Andrena,Andrenidae,4800474124523,8,7,generalist,generalist,453,Andrenidae (n = 168),Andrena ceanothi
Ceratina mikmaqi,Ceratina,Apidae,4822625015882,22,9,generalist,generalist,4024,Apidae (n = 83),Ceratina mikmaqi
Lasioglossum subviridatum,Lasioglossum,Halictidae,4921955176318,14,10,generalist,generalist,1621,Halictidae (n = 72),Lasioglossum subviridatum
Andrena varians,Andrena,Andrenidae,4946718230966,12,8,generalist,generalist,607,Andrenidae (n = 168),Andrena varians
Andrena rugosa,Andrena,Andrenidae,4989083268498,14,12,generalist,generalist,1962,Andrenidae (n = 168),Andrena rugosa
Andrena florea,Andrena,Andrenidae,5016610857937,1,1,genus specialist,specialist,3341,Andrenidae (n = 168),Andrena florea
Andrena fulvicornis,Andrena,Andrenidae,5025686534350,5,2,generalist,generalist,66,Andrenidae (n = 168),Andrena fulvicornis
Eucera clypeata,Eucera,Apidae,5129531167993,18,9,generalist,generalist,63,Apidae (n = 83),Eucera clypeata
Andrena virginiana,Andrena,Andrenidae,5288385688782,5,3,generalist,generalist,380,Andrenidae (n = 168),Andrena virginiana
Andrena niveata,Andrena,Andrenidae,5321590783867,5,3,generalist,generalist,128,Andrenidae (n = 168),Andrena niveata
Andrena arabis,Andrena,Andrenidae,5331187564309,4,1,generalist,specialist,915,Andrenidae (n = 168),Andrena arabis
Andrena aeneiventris,Andrena,Andrenidae,5363483009358,1,1,genus specialist,specialist,108,Andrenidae (n = 168),Andrena aeneiventris
Lasioglossum lustrans,Lasioglossum,Halictidae,5475268919247,4,1,generalist,specialist,429,Halictidae (n = 72),Lasioglossum lustrans
Lasioglossum parvulum,Lasioglossum,Halictidae,5509256235199,14,12,generalist,generalist,2579,Halictidae (n = 72),Lasioglossum parvulum
Andrena bisalicis,Andrena,Andrenidae,5516233921261,2,2,generalist,generalist,722,Andrenidae (n = 168),Andrena bisalicis
Andrena pandellei,Andrena,Andrenidae,5612660611307,1,1,genus specialist,specialist,591,Andrenidae (n = 168),Andrena pandellei
Andrena spiraeana,Andrena,Andrenidae,5684970796257,12,8,generalist,generalist,678,Andrenidae (n = 168),Andrena spiraeana
Andrena rudbeckiae,Andrena,Andrenidae,5755148303958,3,1,generalist,specialist,559,Andrenidae (n = 168),Andrena rudbeckiae
Lasioglossum interruptum,Lasioglossum,Halictidae,5866217492685,19,12,generalist,generalist,1148,Halictidae (n = 72),Lasioglossum interruptum
Lasioglossum nitidulum,Lasioglossum,Halictidae,5866752175355,13,12,generalist,generalist,5716,Halictidae (n = 72),Lasioglossum nitidulum
Andrena alleghaniensis,Andrena,Andrenidae,5899877420476,17,11,generalist,generalist,626,Andrenidae (n = 168),Andrena alleghaniensis
Lasioglossum hitchensi,Lasioglossum,Halictidae,5904802787786,19,14,generalist,generalist,7152,Halictidae (n = 72),Lasioglossum hitchensi
Lasioglossum puncticolle,Lasioglossum,Halictidae,5926560766013,11,3,generalist,generalist,530,Halictidae (n = 72),Lasioglossum puncticolle
Andrena erigeniae,Andrena,Andrenidae,6026169930415,2,2,generalist,generalist,7834,Andrenidae (n = 168),Andrena erigeniae
Andrena agilissima,Andrena,Andrenidae,6131181842296,6,3,generalist,generalist,906,Andrenidae (n = 168),Andrena agilissima
Osmia pumila,Osmia,Megachilidae,6159886784854,10,7,generalist,generalist,5810,Megachilidae (n = 20),Osmia pumila
Andrena alfkenella,Andrena,Andrenidae,6231729889754,21,7,generalist,generalist,533,Andrenidae (n = 168),Andrena alfkenella
Andrena brevipalpis,Andrena,Andrenidae,6255060225643,1,1,genus specialist,specialist,687,Andrenidae (n = 168),Andrena brevipalpis
Lasioglossum nigripes,Lasioglossum,Halictidae,6282388160591,12,6,generalist,generalist,1470,Halictidae (n = 72),Lasioglossum nigripes
Andrena gravida,Andrena,Andrenidae,6460026050339,19,12,generalist,generalist,4447,Andrenidae (n = 168),Andrena gravida
Andrena placata,Andrena,Andrenidae,6478327676583,1,1,genus specialist,specialist,593,Andrenidae (n = 168),Andrena placata
Andrena ziziae,Andrena,Andrenidae,6494906729579,2,1,generalist,specialist,1511,Andrenidae (n = 168),Andrena ziziae
Lasioglossum laevigatum,Lasioglossum,Halictidae,6613659786533,21,13,generalist,generalist,2872,Halictidae (n = 72),Lasioglossum laevigatum
Andrena nuda,Andrena,Andrenidae,6723670540400,11,7,generalist,generalist,984,Andrenidae (n = 168),Andrena nuda
Andrena apicata,Andrena,Andrenidae,6819081813499,2,2,generalist,generalist,764,Andrenidae (n = 168),Andrena apicata
Ceratina chalcites,Ceratina,Apidae,6939453550314,4,2,generalist,generalist,95,Apidae (n = 83),Ceratina chalcites
Melissodes denticulatus,Melissodes,Apidae,7662494987229,1,1,genus specialist,specialist,1395,Apidae (n = 83),Melissodes denticulatus
Bombus haematurus,Bombus,Apidae,7669760032084,15,7,generalist,generalist,284,Apidae (n = 83),Bombus haematurus
Eucera nigrescens,Eucera,Apidae,7837259707323,9,3,generalist,generalist,3543,Apidae (n = 83),Eucera nigrescens
Melissodes illatus,Melissodes,Apidae,7838974608863,4,2,generalist,generalist,323,Apidae (n = 83),Melissodes illatus
Andrena nigriceps,Andrena,Andrenidae,7874084257535,17,11,generalist,generalist,1288,Andrenidae (n = 168),Andrena nigriceps
Andrena fulva,Andrena,Andrenidae,7925040387319,17,12,generalist,generalist,26483,Andrenidae (n = 168),Andrena fulva
Lasioglossum brevicorne,Lasioglossum,Halictidae,7929014715069,4,3,generalist,generalist,618,Halictidae (n = 72),Lasioglossum brevicorne
Andrena scotica,Andrena,Andrenidae,7933577181883,28,16,generalist,generalist,7856,Andrenidae (n = 168),Andrena scotica
Andrena argentata,Andrena,Andrenidae,8018262195237,7,5,generalist,generalist,1925,Andrenidae (n = 168),Andrena argentata
Lasioglossum versatum,Lasioglossum,Halictidae,8073335906118,20,13,generalist,generalist,11759,Halictidae (n = 72),Lasioglossum versatum
Colletes americanus,Colletes,Colletidae,8124830938063,1,1,genus specialist,specialist,828,Colletidae (n = 10),Colletes americanus
Megachile pilidens,Megachile,Megachilidae,8231565602279,13,7,generalist,generalist,1652,Megachilidae (n = 20),Megachile pilidens
Andrena andrenoides,Andrena,Andrenidae,8378035336668,1,1,genus specialist,specialist,838,Andrenidae (n = 168),Andrena andrenoides
Bombus pomorum,Bombus,Apidae,8535264746004,30,12,generalist,generalist,647,Apidae (n = 83),Bombus pomorum
Lasioglossum pectorale,Lasioglossum,Halictidae,9093213167850,25,12,generalist,generalist,4048,Halictidae (n = 72),Lasioglossum pectorale
Ceratina dupla,Ceratina,Apidae,9106437276563,17,10,generalist,generalist,6687,Apidae (n = 83),Ceratina dupla
Andrena propinqua,Andrena,Andrenidae,9108133644219,23,15,generalist,generalist,767,Andrenidae (n = 168),Andrena propinqua
Lasioglossum macoupinense,Lasioglossum,Halictidae,9168945674280,10,8,generalist,generalist,450,Halictidae (n = 72),Lasioglossum macoupinense
Andrena hirticincta,Andrena,Andrenidae,9176250544358,1,1,genus specialist,specialist,2310,Andrenidae (n = 168),Andrena hirticincta
Lasioglossum paraforbesii,Lasioglossum,Halictidae,9306992451688,9,8,generalist,generalist,645,Halictidae (n = 72),Lasioglossum paraforbesii
Andrena nubecula,Andrena,Andrenidae,9357851721551,1,1,genus specialist,specialist,1643,Andrenidae (n = 168),Andrena nubecula
Eucera interrupta,Eucera,Apidae,9377715064723,7,1,generalist,specialist,285,Apidae (n = 83),Eucera interrupta
Perdita octomaculata,Perdita,Andrenidae,9431645132135,1,1,genus specialist,specialist,1235,Andrenidae (n = 168),Perdita octomaculata
Lasioglossum lineatulum,Lasioglossum,Halictidae,9461253862633,16,13,generalist,generalist,1731,Halictidae (n = 72),Lasioglossum lineatulum
Andrena marginata,Andrena,Andrenidae,9536595049316,7,5,generalist,generalist,3291,Andrenidae (n = 168),Andrena marginata
Ceratina calcarata,Ceratina,Apidae,9543188778048,19,10,generalist,generalist,14476,Apidae (n = 83),Ceratina calcarata
Halictus pollinosus,Halictus,Halictidae,9556530149800,7,5,generalist,generalist,83,Halictidae (n = 72),Halictus pollinosus
Lasioglossum perpunctatum,Lasioglossum,Halictidae,9617640002194,15,7,generalist,generalist,497,Halictidae (n = 72),Lasioglossum perpunctatum
Andrena morio,Andrena,Andrenidae,9688774407810,7,5,generalist,generalist,239,Andrenidae (n = 168),Andrena morio
Andrena canadensis,Andrena,Andrenidae,9859209983050,1,1,genus specialist,specialist,581,Andrenidae (n = 168),Andrena canadensis
Andrena platyparia,Andrena,Andrenidae,9957472114675,1,1,genus specialist,specialist,422,Andrenidae (n = 168),Andrena platyparia
Lasioglossum coriaceum,Lasioglossum,Halictidae,10164600318019,12,9,generalist,generalist,4670,Halictidae (n = 72),Lasioglossum coriaceum
Andrena perplexa,Andrena,Andrenidae,10170543453009,16,12,generalist,generalist,3674,Andrenidae (n = 168),Andrena perplexa
Andrena ovatula,Andrena,Andrenidae,10175279587292,14,2,generalist,generalist,5559,Andrenidae (n = 168),Andrena ovatula
Bombus argillaceus,Bombus,Apidae,10210274041403,34,11,generalist,generalist,1179,Apidae (n = 83),Bombus argillaceus
Lasioglossum nigroviride,Lasioglossum,Halictidae,10278810136842,6,5,generalist,generalist,526,Halictidae (n = 72),Lasioglossum nigroviride
Bombus alpinus,Bombus,Apidae,10387721217680,8,6,generalist,generalist,1496,Apidae (n = 83),Bombus alpinus
Melissodes desponsus,Melissodes,Apidae,10426147399682,1,1,genus specialist,specialist,2673,Apidae (n = 83),Melissodes desponsus
Halictus scabiosae,Halictus,Halictidae,10465687163977,17,7,generalist,generalist,14952,Halictidae (n = 72),Halictus scabiosae
Lasioglossum lativentre,Lasioglossum,Halictidae,10581644098091,10,6,generalist,generalist,2824,Halictidae (n = 72),Lasioglossum lativentre
Andrena helianthi,Andrena,Andrenidae,10692266948146,1,1,genus specialist,specialist,1112,Andrenidae (n = 168),Andrena helianthi
Andrena fuscosa,Andrena,Andrenidae,10752337386417,9,8,generalist,generalist,120,Andrenidae (n = 168),Andrena fuscosa
Lasioglossum sexnotatum,Lasioglossum,Halictidae,10862937485181,9,12,generalist,generalist,4036,Halictidae (n = 72),Lasioglossum sexnotatum
Andrena albopunctata,Andrena,Andrenidae,10914137584628,10,9,generalist,generalist,118,Andrenidae (n = 168),Andrena albopunctata
Andrena commoda,Andrena,Andrenidae,10953779542544,11,9,generalist,generalist,1134,Andrenidae (n = 168),Andrena commoda
Melissodes subillatus,Melissodes,Apidae,10986367809648,5,1,generalist,specialist,372,Apidae (n = 83),Melissodes subillatus
Lasioglossum laticeps,Lasioglossum,Halictidae,11025648636431,18,16,generalist,generalist,13131,Halictidae (n = 72),Lasioglossum laticeps
Andrena tibialis,Andrena,Andrenidae,11042707923861,11,7,generalist,generalist,3110,Andrenidae (n = 168),Andrena tibialis
Lasioglossum punctatissimum,Lasioglossum,Halictidae,11090460528137,9,6,generalist,generalist,4525,Halictidae (n = 72),Lasioglossum punctatissimum
Lasioglossum pauxillum,Lasioglossum,Halictidae,11252892930055,33,13,generalist,generalist,13733,Halictidae (n = 72),Lasioglossum pauxillum
Andrena minutuloides,Andrena,Andrenidae,11268131494757,17,7,generalist,generalist,3697,Andrenidae (n = 168),Andrena minutuloides
Lasioglossum cinctipes,Lasioglossum,Halictidae,11528334886551,11,9,generalist,generalist,1259,Halictidae (n = 72),Lasioglossum cinctipes
Andrena chrysosceles,Andrena,Andrenidae,11574793439335,23,12,generalist,generalist,5768,Andrenidae (n = 168),Andrena chrysosceles
Andrena salictaria,Andrena,Andrenidae,11590429601295,1,1,genus specialist,specialist,501,Andrenidae (n = 168),Andrena salictaria
Lasioglossum albipes,Lasioglossum,Halictidae,11653643547744,16,8,generalist,generalist,16432,Halictidae (n = 72),Lasioglossum albipes
Agapostemon sericeus,Agapostemon,Halictidae,11680770531734,8,8,generalist,generalist,3271,Halictidae (n = 72),Agapostemon sericeus
Andrena erythrogaster,Andrena,Andrenidae,11716883432472,2,2,generalist,generalist,1672,Andrenidae (n = 168),Andrena erythrogaster
Andrena illinoiensis,Andrena,Andrenidae,11835286331583,1,1,genus specialist,specialist,2141,Andrenidae (n = 168),Andrena illinoiensis
Lasioglossum imitatum,Lasioglossum,Halictidae,11846887516709,15,10,generalist,generalist,9535,Halictidae (n = 72),Lasioglossum imitatum
Andrena nasonii,Andrena,Andrenidae,12003348193674,18,10,generalist,generalist,6265,Andrenidae (n = 168),Andrena nasonii
Bombus affinis,Bombus,Apidae,12056139897077,22,15,generalist,generalist,10076,Apidae (n = 83),Bombus affinis
Megachile campanulae,Megachile,Megachilidae,12154942317721,5,3,generalist,generalist,1590,Megachilidae (n = 20),Megachile campanulae
Augochlora pura,Augochlora,Halictidae,12227321754337,16,12,generalist,generalist,18202,Halictidae (n = 72),Augochlora pura
Andrena carlini,Andrena,Andrenidae,12266152595799,21,16,generalist,generalist,9710,Andrenidae (n = 168),Andrena carlini
Anthophora aestivalis,Anthophora,Apidae,12425961600921,12,6,generalist,generalist,1567,Apidae (n = 83),Anthophora aestivalis
Lasioglossum pilosum,Lasioglossum,Halictidae,12600084540071,21,14,generalist,generalist,12431,Halictidae (n = 72),Lasioglossum pilosum
Andrena imitatrix,Andrena,Andrenidae,12607386118248,11,7,generalist,generalist,3838,Andrenidae (n = 168),Andrena imitatrix
Bombus melanurus,Bombus,Apidae,12756983462156,16,7,generalist,generalist,48,Apidae (n = 83),Bombus melanurus
Osmia atriventris,Osmia,Megachilidae,12795980370726,8,5,generalist,generalist,2094,Megachilidae (n = 20),Osmia atriventris
Andrena limata,Andrena,Andrenidae,12889684186622,10,7,generalist,generalist,234,Andrenidae (n = 168),Andrena limata
Andrena sigmundi,Andrena,Andrenidae,13151549517480,2,2,generalist,generalist,511,Andrenidae (n = 168),Andrena sigmundi
Bombus monticola,Bombus,Apidae,13208882295876,15,10,generalist,generalist,6780,Apidae (n = 83),Bombus monticola
Andrena bimaculata,Andrena,Andrenidae,13426168564484,21,10,generalist,generalist,846,Andrenidae (n = 168),Andrena bimaculata
Andrena mandibularis,Andrena,Andrenidae,13576989891281,8,7,generalist,generalist,648,Andrenidae (n = 168),Andrena mandibularis
Andrena cressonii,Andrena,Andrenidae,13621701285587,15,11,generalist,generalist,4396,Andrenidae (n = 168),Andrena cressonii
Lasioglossum foxii,Lasioglossum,Halictidae,13693349603821,5,4,generalist,generalist,1209,Halictidae (n = 72),Lasioglossum foxii
Andrena dorsata,Andrena,Andrenidae,13787807360762,42,18,generalist,generalist,7997,Andrenidae (n = 168),Andrena dorsata
Bombus fragrans,Bombus,Apidae,14179197755655,12,6,generalist,generalist,52,Apidae (n = 83),Bombus fragrans
Andrena semilaevis,Andrena,Andrenidae,14243100856729,16,9,generalist,generalist,3436,Andrenidae (n = 168),Andrena semilaevis
Augochloropsis metallica,Augochloropsis,Halictidae,14278182561150,12,9,generalist,generalist,4180,Halictidae (n = 72),Augochloropsis metallica
Bombus confusus,Bombus,Apidae,14374044734103,18,8,generalist,generalist,506,Apidae (n = 83),Bombus confusus
Bombus bimaculatus,Bombus,Apidae,14506558493211,34,22,generalist,generalist,42308,Apidae (n = 83),Bombus bimaculatus
Andrena hippotes,Andrena,Andrenidae,14624400228482,13,9,generalist,generalist,1994,Andrenidae (n = 168),Andrena hippotes
Megachile mendica,Megachile,Megachilidae,14815919532211,7,3,generalist,generalist,5989,Megachilidae (n = 20),Megachile mendica
Andrena labialis,Andrena,Andrenidae,14880696874844,25,10,generalist,generalist,1402,Andrenidae (n = 168),Andrena labialis
Colletes inaequalis,Colletes,Colletidae,14927837279621,7,5,generalist,generalist,5291,Colletidae (n = 10),Colletes inaequalis
Bombus armeniacus,Bombus,Apidae,14940151981669,21,9,generalist,generalist,45,Apidae (n = 83),Bombus armeniacus
Lasioglossum cressonii,Lasioglossum,Halictidae,14987256259695,21,15,generalist,generalist,7897,Halictidae (n = 72),Lasioglossum cressonii
Andrena forbesii,Andrena,Andrenidae,15200710920392,17,11,generalist,generalist,2327,Andrenidae (n = 168),Andrena forbesii
Lasioglossum versans,Lasioglossum,Halictidae,15323484606200,12,10,generalist,generalist,1513,Halictidae (n = 72),Lasioglossum versans
Melissodes agilis,Melissodes,Apidae,15366325816630,2,1,generalist,specialist,4173,Apidae (n = 83),Melissodes agilis
Andrena labiata,Andrena,Andrenidae,15483030332191,28,13,generalist,generalist,3134,Andrenidae (n = 168),Andrena labiata
Heriades carinata,Heriades,Megachilidae,15503682267282,4,4,generalist,generalist,3092,Megachilidae (n = 20),Heriades carinata
Hoplitis producta,Hoplitis,Megachilidae,16094245239314,7,4,generalist,generalist,2461,Megachilidae (n = 20),Hoplitis producta
Melissodes druriellus,Melissodes,Apidae,16103639464997,1,1,genus specialist,specialist,2254,Apidae (n = 83),Melissodes druriellus
Augochlorella aurata,Augochlorella,Halictidae,16191472276038,25,14,generalist,generalist,37260,Halictidae (n = 72),Augochlorella aurata
Lasioglossum laevissimum,Lasioglossum,Halictidae,16300220281539,9,8,generalist,generalist,1684,Halictidae (n = 72),Lasioglossum laevissimum
Lasioglossum leucopus,Lasioglossum,Halictidae,16310542495205,12,7,generalist,generalist,16272,Halictidae (n = 72),Lasioglossum leucopus
Andrena tridens,Andrena,Andrenidae,16312468034323,5,5,generalist,generalist,717,Andrenidae (n = 168),Andrena tridens
Andrena crataegi,Andrena,Andrenidae,16358767572410,13,10,generalist,generalist,6493,Andrenidae (n = 168),Andrena crataegi
Bombus wurflenii,Bombus,Apidae,16529880534780,13,10,generalist,generalist,7767,Apidae (n = 83),Bombus wurflenii
Andrena trimmerana,Andrena,Andrenidae,16586302846910,9,7,generalist,generalist,4424,Andrenidae (n = 168),Andrena trimmerana
Colletes simulans,Colletes,Colletidae,16604808935702,1,1,genus specialist,specialist,1938,Colletidae (n = 10),Colletes simulans
Melissodes bimaculatus,Melissodes,Apidae,16683206435569,4,4,generalist,generalist,11974,Apidae (n = 83),Melissodes bimaculatus
Bombus auricomus,Bombus,Apidae,16928618916988,14,8,generalist,generalist,9416,Apidae (n = 83),Bombus auricomus
Colletes compactus,Colletes,Colletidae,17084355169178,1,1,genus specialist,specialist,1206,Colletidae (n = 10),Colletes compactus
Hoplitis pilosifrons,Hoplitis,Megachilidae,17246601587846,6,2,generalist,generalist,1853,Megachilidae (n = 20),Hoplitis pilosifrons
Halictus maculatus,Halictus,Halictidae,17399740904665,12,7,generalist,generalist,3022,Halictidae (n = 72),Halictus maculatus
Lasioglossum xanthopus,Lasioglossum,Halictidae,17507162120681,16,8,generalist,generalist,1146,Halictidae (n = 72),Lasioglossum xanthopus
Lasioglossum malachurum,Lasioglossum,Halictidae,17643848147288,45,20,generalist,generalist,11314,Halictidae (n = 72),Lasioglossum malachurum
Amegilla albigena,Amegilla,Apidae,17679010121552,8,5,generalist,generalist,586,Apidae (n = 83),Amegilla albigena
Andrena miserabilis,Andrena,Andrenidae,17713802301797,10,6,generalist,generalist,6980,Andrenidae (n = 168),Andrena miserabilis
Bombus pensylvanicus,Bombus,Apidae,17902865057539,19,9,generalist,generalist,48277,Apidae (n = 83),Bombus pensylvanicus
Andrena vicina,Andrena,Andrenidae,17904297002485,19,13,generalist,generalist,4780,Andrenidae (n = 168),Andrena vicina
Andrena nivalis,Andrena,Andrenidae,18446988000722,10,8,generalist,generalist,1493,Andrenidae (n = 168),Andrena nivalis
Bombus griseocollis,Bombus,Apidae,18940273082789,42,22,generalist,generalist,61793,Apidae (n = 83),Bombus griseocollis
Halictus subauratus,Halictus,Halictidae,19195261076370,18,11,generalist,generalist,3242,Halictidae (n = 72),Halictus subauratus
Agapostemon virescens,Agapostemon,Halictidae,19353479959340,8,5,generalist,generalist,23574,Halictidae (n = 72),Agapostemon virescens
Megachile pugnata,Megachile,Megachilidae,19486486315610,6,1,generalist,specialist,2284,Megachilidae (n = 20),Megachile pugnata
Megachile gemula,Megachile,Megachilidae,19602885184877,9,7,generalist,generalist,1207,Megachilidae (n = 20),Megachile gemula
Andrena pilipes,Andrena,Andrenidae,19827749926303,14,7,generalist,generalist,953,Andrenidae (n = 168),Andrena pilipes
Andrena praecox,Andrena,Andrenidae,19918033348320,2,2,generalist,generalist,6872,Andrenidae (n = 168),Andrena praecox
Halictus ligatus,Halictus,Halictidae,20097571788192,19,5,generalist,generalist,44196,Halictidae (n = 72),Halictus ligatus
Anthophora retusa,Anthophora,Apidae,20383989460494,10,6,generalist,generalist,3017,Apidae (n = 83),Anthophora retusa meridionalis
Anthophora bimaculata,Anthophora,Apidae,20527338957130,6,4,generalist,generalist,1780,Apidae (n = 83),Anthophora bimaculata
Bombus impatiens,Bombus,Apidae,20683646887287,49,25,generalist,generalist,143207,Apidae (n = 83),Bombus impatiens
Lasioglossum politum,Lasioglossum,Halictidae,21356834518017,3,3,generalist,generalist,4164,Halictidae (n = 72),Lasioglossum politum
Lasioglossum morio,Lasioglossum,Halictidae,21494792331827,31,19,generalist,generalist,30501,Halictidae (n = 72),Lasioglossum morio
Andrena nigroaenea,Andrena,Andrenidae,21859037856744,36,17,generalist,generalist,11711,Andrenidae (n = 168),Andrena nigroaenea
Osmia bicolor,Osmia,Megachilidae,21925880360470,12,8,generalist,generalist,7042,Megachilidae (n = 20),Osmia bicolor
Lasioglossum fulvicorne,Lasioglossum,Halictidae,22056919201700,14,10,generalist,generalist,13225,Halictidae (n = 72),Lasioglossum fulvicorne
Andrena w-scripta,Andrena,Andrenidae,22543061664428,9,6,generalist,generalist,1832,Andrenidae (n = 168),Andrena w-scripta
Andrena miranda,Andrena,Andrenidae,23001416235710,9,5,generalist,generalist,615,Andrenidae (n = 168),Andrena miranda
Colletes consors,Colletes,Colletidae,23073136890041,6,4,generalist,generalist,445,Colletidae (n = 10),Colletes consors mesoscopus
Andrena helvola,Andrena,Andrenidae,24250074623285,16,11,generalist,generalist,7119,Andrenidae (n = 168),Andrena helvola
Colletes hyalinus,Colletes,Colletidae,24671733642392,7,5,generalist,generalist,753,Colletidae (n = 10),Colletes hyalinus
Bombus vagans,Bombus,Apidae,24777558205919,35,16,generalist,generalist,22807,Apidae (n = 83),Bombus vagans
Andrena nitida,Andrena,Andrenidae,24789645745706,35,21,generalist,generalist,10312,Andrenidae (n = 168),Andrena nitida
Halictus quadricinctus,Halictus,Halictidae,25931500856191,13,5,generalist,generalist,1391,Halictidae (n = 72),Halictus quadricinctus
Bombus cullumanus,Bombus,Apidae,26189564458328,18,11,generalist,generalist,126,Apidae (n = 83),Bombus cullumanus
Andrena nigrihirta,Andrena,Andrenidae,26733549125315,6,5,generalist,generalist,823,Andrenidae (n = 168),Andrena nigrihirta
Megachile inermis,Megachile,Megachilidae,26832685815682,5,3,generalist,generalist,2987,Megachilidae (n = 20),Megachile inermis
Bombus fervidus,Bombus,Apidae,26881678216118,25,12,generalist,generalist,22730,Apidae (n = 83),Bombus fervidus
Trachusa byssina,Trachusa,Megachilidae,26928053229499,8,5,generalist,generalist,5427,Megachilidae (n = 20),Trachusa byssina
Megachile latimanus,Megachile,Megachilidae,27472774401779,17,6,generalist,generalist,3021,Megachilidae (n = 20),Megachile latimanus
Eucera longicornis,Eucera,Apidae,27860858083893,12,3,generalist,generalist,7664,Apidae (n = 83),Eucera longicornis
Andrena algida,Andrena,Andrenidae,28237271634156,3,3,generalist,generalist,346,Andrenidae (n = 168),Andrena algida
Andrena wilkella,Andrena,Andrenidae,28272299018489,21,10,generalist,generalist,12103,Andrenidae (n = 168),Andrena wilkella
Andrena flavipes,Andrena,Andrenidae,28318808488056,86,31,generalist,generalist,27309,Andrenidae (n = 168),Andrena flavipes
Osmia bucephala,Osmia,Megachilidae,28538445038937,8,6,generalist,generalist,2019,Megachilidae (n = 20),Osmia bucephala
Bombus borealis,Bombus,Apidae,28998656976524,16,13,generalist,generalist,7043,Apidae (n = 83),Bombus borealis
Andrena frigida,Andrena,Andrenidae,29816302812070,2,2,generalist,generalist,1542,Andrenidae (n = 168),Andrena frigida
Megachile relativa,Megachile,Megachilidae,30589196341563,5,3,generalist,generalist,2755,Megachilidae (n = 20),Megachile relativa
Andrena thaspii,Andrena,Andrenidae,30612261394969,6,5,generalist,generalist,934,Andrenidae (n = 168),Andrena thaspii
Lasioglossum quebecense,Lasioglossum,Halictidae,30832831554514,12,9,generalist,generalist,2591,Halictidae (n = 72),Lasioglossum quebecense
Andrena bicolor,Andrena,Andrenidae,31726741303691,47,25,generalist,generalist,17616,Andrenidae (n = 168),Andrena bicolor
Bombus ruderarius,Bombus,Apidae,31777347640840,34,15,generalist,generalist,10604,Apidae (n = 83),Bombus ruderarius
Andrena rufosignata,Andrena,Andrenidae,32143901639971,6,6,generalist,generalist,766,Andrenidae (n = 168),Andrena rufosignata
Xylocopa virginica,Xylocopa,Apidae,33866791828875,13,8,generalist,generalist,51392,Apidae (n = 83),Xylocopa virginica
Bombus veteranus,Bombus,Apidae,35128439871472,22,10,generalist,generalist,4414,Apidae (n = 83),Bombus veteranus
Lasioglossum zonulum,Lasioglossum,Halictidae,35242655683090,22,12,generalist,generalist,11750,Halictidae (n = 72),Lasioglossum zonulum
Bombus ternarius,Bombus,Apidae,35384352230436,27,14,generalist,generalist,27150,Apidae (n = 83),Bombus ternarius
Bombus terricola,Bombus,Apidae,35654699740824,26,15,generalist,generalist,21825,Apidae (n = 83),Bombus terricola
Bombus perplexus,Bombus,Apidae,36194242705966,27,16,generalist,generalist,13468,Apidae (n = 83),Bombus perplexus
Halictus confusus,Halictus,Halictidae,36642830443612,23,14,generalist,generalist,15111,Halictidae (n = 72),Halictus confusus
Megachile maritima,Megachile,Megachilidae,39488599589167,12,6,generalist,generalist,1869,Megachilidae (n = 20),Megachile maritima
Megachile centuncularis,Megachile,Megachilidae,39555452110774,23,13,generalist,generalist,7242,Megachilidae (n = 20),Megachile centuncularis
Andrena denticulata,Andrena,Andrenidae,39606382374652,11,3,generalist,generalist,6460,Andrenidae (n = 168),Andrena denticulata
Andrena cineraria,Andrena,Andrenidae,39807613942863,25,16,generalist,generalist,20613,Andrenidae (n = 168),Andrena cineraria
Andrena fucata,Andrena,Andrenidae,39942303964545,17,9,generalist,generalist,5725,Andrenidae (n = 168),Andrena fucata
Andrena subopaca,Andrena,Andrenidae,41801302550927,16,10,generalist,generalist,10572,Andrenidae (n = 168),Andrena subopaca
Colletes kincaidii,Colletes,Colletidae,42669698929301,5,5,generalist,generalist,8155,Colletidae (n = 10),Colletes kincaidii
Lasioglossum calceatum,Lasioglossum,Halictidae,43079149959610,38,21,generalist,generalist,31796,Halictidae (n = 72),Lasioglossum calceatum
Andrena minutula,Andrena,Andrenidae,44414351445768,36,15,generalist,generalist,13154,Andrenidae (n = 168),Andrena minutula
Halictus tumulorum,Halictus,Halictidae,48740774592342,25,14,generalist,generalist,26505,Halictidae (n = 72),Halictus tumulorum
Bombus frigidus,Bombus,Apidae,48766979715579,12,9,generalist,generalist,7393,Apidae (n = 83),Bombus frigidus
Bombus sylvarum,Bombus,Apidae,49151568164626,34,15,generalist,generalist,16198,Apidae (n = 83),Bombus sylvarum
Bombus sichelii,Bombus,Apidae,49688659591615,22,13,generalist,generalist,2960,Apidae (n = 83),Bombus sichelii
Andrena haemorrhoa,Andrena,Andrenidae,51683099924643,38,19,generalist,generalist,44023,Andrenidae (n = 168),Andrena haemorrhoa
Andrena thoracica,Andrena,Andrenidae,53507612195389,37,20,generalist,generalist,1283,Andrenidae (n = 168),Andrena thoracica
Megachile willughbiella,Megachile,Megachilidae,55002003082710,6,3,generalist,generalist,11199,Megachilidae (n = 20),Megachile willughbiella
Bombus soroeensis,Bombus,Apidae,55115355154115,28,17,generalist,generalist,19049,Apidae (n = 83),Bombus soroeensis
Lasioglossum villosulum,Lasioglossum,Halictidae,55213766213178,9,2,generalist,generalist,11330,Halictidae (n = 72),Lasioglossum villosulum
Bombus lapidarius,Bombus,Apidae,55849443943210,9,6,generalist,generalist,166823,Apidae (n = 83),Bombus lapidarius
Anthophora terminalis,Anthophora,Apidae,58004562187653,6,6,generalist,generalist,4193,Apidae (n = 83),Anthophora terminalis
Bombus sporadicus,Bombus,Apidae,61597805811865,7,6,generalist,generalist,2576,Apidae (n = 83),Bombus sporadicus
Bombus muscorum,Bombus,Apidae,64557722697919,20,10,generalist,generalist,8574,Apidae (n = 83),Bombus muscorum
Andrena barbilabris,Andrena,Andrenidae,66923846771721,28,12,generalist,generalist,10343,Andrenidae (n = 168),Andrena barbilabris
Lasioglossum leucozonium,Lasioglossum,Halictidae,66993942601768,19,6,generalist,generalist,17030,Halictidae (n = 72),Lasioglossum leucozonium
Bombus lucorum,Bombus,Apidae,74281489433796,14,11,generalist,generalist,87064,Apidae (n = 83),Bombus lucorum
Bombus pascuorum,Bombus,Apidae,75534113450248,16,8,generalist,generalist,307511,Apidae (n = 83),Bombus pascuorum
Andrena clarkella,Andrena,Andrenidae,75854003954088,1,1,genus specialist,specialist,12607,Andrenidae (n = 168),Andrena clarkella
Bombus lapponicus,Bombus,Apidae,77336319549046,14,8,generalist,generalist,4556,Apidae (n = 83),Bombus lapponicus
Bombus subterraneus,Bombus,Apidae,77450751174837,27,9,generalist,generalist,4994,Apidae (n = 83),Bombus subterraneus
Bombus ruderatus,Bombus,Apidae,87811006186606,21,13,generalist,generalist,3754,Apidae (n = 83),Bombus ruderatus
Bombus distinguendus,Bombus,Apidae,94166530737543,16,10,generalist,generalist,4387,Apidae (n = 83),Bombus distinguendus
Halictus rubicundus,Halictus,Halictidae,100874580987098,22,14,generalist,generalist,28745,Halictidae (n = 72),Halictus rubicundus
Bombus hortorum,Bombus,Apidae,104148526431609,10,6,generalist,generalist,59875,Apidae (n = 83),Bombus hortorum
Bombus terrestris,Bombus,Apidae,140453031578357,8,6,generalist,generalist,190780,Apidae (n = 83),Bombus terrestris
Bombus balteatus,Bombus,Apidae,174339507748236,20,9,generalist,generalist,4118,Apidae (n = 83),Bombus balteatus
Bombus hypnorum,Bombus,Apidae,219390503984377,26,18,generalist,generalist,169601,Apidae (n = 83),Bombus hypnorum