bee_species,bee_genus,bee_family,eoo_size_m2,count_in_Dorey,diet_families_rareCount,diet_genera_rareCount,diet_binary
Andrena leptopyga,Andrena,Andrenidae,89706161650,4,3.895122,3.9973,Generalist
Andrena mocsaryi,Andrena,Andrenidae,100290423254,4,1,NA,Specialist
Camptopoeum sacrum,Camptopoeum,Andrenidae,22963336116,4,1,1,Specialist
Anthidium dalmaticum,Anthidium,Megachilidae,893935521.1,4,3.961587,NA,Generalist
Eoanthidium clypeare,Eoanthidium,Megachilidae,1208355165,4,8.16094,NA,Generalist
Icteranthidium fedtschenkoi,Icteranthidium,Megachilidae,11270392975,4,1,NA,Specialist
Osmia padri,Osmia,Megachilidae,6250173433,4,1,NA,Specialist
Wainia eremoplana,Wainia,Megachilidae,12520252571,4,1.999912,NA,Generalist
Panurgus perezi,Panurgus,Andrenidae,101465017501,5,1,1,Specialist
Colletes dusmeti,Colletes,Colletidae,59261098270,5,8.756259,NA,Generalist
Anthidium undulatum,Anthidium,Megachilidae,706282931120,5,4.980436,NA,Generalist
Osmia melanocephala,Osmia,Megachilidae,113893568428,5,5.96874,NA,Generalist
Osmia rhodoensis,Osmia,Megachilidae,61055311746,5,5.453038,NA,Generalist
Stenoheriades asiatica,Stenoheriades,Megachilidae,2267158880,5,1,NA,Specialist
Andrena blanda,Andrena,Andrenidae,134162477611,6,1,1,Specialist
Eucera alternans,Eucera,Apidae,952265657939,6,8,11,Generalist
Melipona mimetica,Melipona,Apidae,15601441448,6,20.206686,NA,Generalist
Chelostoma ventrale,Chelostoma,Megachilidae,1569011454487,6,1,NA,Specialist
Osmia fedtschenkoi,Osmia,Megachilidae,10045890.52,6,5.138479,NA,Generalist
Osmia nigrohirta,Osmia,Megachilidae,42014393194,6,9.208775,NA,Generalist
Osmia uncicornis,Osmia,Megachilidae,27544305522,6,1,NA,Specialist
Pseudoanthidium eximium,Pseudoanthidium,Megachilidae,2148303175668,6,1,NA,Specialist
Dasypoda dusmeti,Dasypoda,Melittidae,325787296481,6,3.576374,NA,Generalist
Dasypoda maura,Dasypoda,Melittidae,14102801764,6,1.726817,NA,Generalist
Andrena boyerella,Andrena,Andrenidae,27646474937,7,1,1,Specialist
Andrena chaparralensis,Andrena,Andrenidae,87228429.71,7,1,NA,Specialist
Andrena pauxilla,Andrena,Andrenidae,51290361721,7,2,3.9925,Generalist
Flavipanurgus kastiliensis,Flavipanurgus,Andrenidae,9591870155,7,1,1,Specialist
Colletes dorsalis,Colletes,Colletidae,849519742.8,7,3.992828,NA,Generalist
Afranthidium carduele,Afranthidium,Megachilidae,762629279820,7,1,NA,Specialist
Hoplitis pici,Hoplitis,Megachilidae,36882626721,7,1.83957,NA,Generalist
Dasypoda sinuata,Dasypoda,Melittidae,666301781789,7,2.524179,NA,Generalist
Andrena pandosa,Andrena,Andrenidae,306581153210,8,1,1,Specialist
Bombus incertus,Bombus,Apidae,227697418537,8,8.816431,17.455,Generalist
Trachusa pubescens,Trachusa,Megachilidae,883041646101,8,1.645161,NA,Generalist
Andrena djelfensis,Andrena,Andrenidae,188179962157,9,1,2.9998,Specialist
Panurgus cephalotes,Panurgus,Andrenidae,295058008016,9,1,5.3174,Specialist
Bombus brodmannicus,Bombus,Apidae,146397735.3,9,6.578768,7.9157,Generalist
Colletes brevigena,Colletes,Colletidae,1008399671504,9,7.897349,NA,Generalist
Colletes ligatus,Colletes,Colletidae,1385603982663,9,2.846049,NA,Generalist
Colletes tuberculatus,Colletes,Colletidae,1496102351123,9,1,NA,Specialist
Lipotriches tanganyicensis,Lipotriches,Halictidae,83653528935,9,1,NA,Specialist
Chelostoma mocsaryi,Chelostoma,Megachilidae,118727013399,9,1,NA,Specialist
Eoanthidium insulare,Eoanthidium,Megachilidae,44073737250,9,9.659714,NA,Generalist
Panurginus albopilosus,Panurginus,Andrenidae,923439272657,10,1,1,Specialist
Eucera eucnemidea,Eucera,Apidae,383060731321,10,1.998331,6.59,Generalist
Anthidiellum breviusculum,Anthidiellum,Megachilidae,757292122765,10,4.419379,NA,Generalist
Anthidium spiniventre,Anthidium,Megachilidae,3236523462,10,1,NA,Specialist
Anthidium tesselatum,Anthidium,Megachilidae,71419458935,10,1,NA,Specialist
Hoplitis fertoni,Hoplitis,Megachilidae,110873013184,10,2.038783,NA,Generalist
Osmia spinigera,Osmia,Megachilidae,786895016592,10,1,NA,Specialist
Colletes punctatus,Colletes,Colletidae,882769501879,11,1,NA,Specialist
Eucera furfurea,Eucera,Apidae,359598016052,12,1,1,Specialist
Colletes carinatus,Colletes,Colletidae,851314103836,12,3,NA,Generalist
Chelostoma aureocinctum,Chelostoma,Megachilidae,132296856978,12,1,NA,Specialist
Hoplitis carinata,Hoplitis,Megachilidae,73628098568,12,1.199601,NA,Generalist
Osmia emarginata,Osmia,Megachilidae,152770073064,12,4.418346,NA,Generalist
Osmia scheherazade,Osmia,Megachilidae,6475155.312,12,1,NA,Specialist
Andrena elata,Andrena,Andrenidae,1340331154,13,1,1,Specialist
Andrena fulica,Andrena,Andrenidae,221061215933,13,1,3.8333,Specialist
Panurgus canescens,Panurgus,Andrenidae,544561470020,13,1,2,Specialist
Colletes acutus,Colletes,Colletidae,77977129874,13,3.912804,NA,Generalist
Halictus crenicornis,Halictus,Halictidae,355990686610,13,11.999405,13.818,Generalist
Osmia argyropyga,Osmia,Megachilidae,97615016853,13,1,NA,Specialist
Dasypoda braccata,Dasypoda,Melittidae,1317227143385,13,1.708004,NA,Generalist
Dasypoda morotei,Dasypoda,Melittidae,198531685926,13,4.825153,NA,Generalist
Andrena aerinifrons,Andrena,Andrenidae,498055432937,14,1,2.4,Specialist
Colletes caskanus,Colletes,Colletidae,559928845251,14,4.994055,NA,Generalist
Lasioglossum corvinum,Lasioglossum,Halictidae,1655069803473,14,1.833333,3.8403,Generalist
Anthidium anguliventre,Anthidium,Megachilidae,3559547.75,14,2.251256,NA,Generalist
Chelostoma diodon,Chelostoma,Megachilidae,15317282523,14,1.277778,NA,Generalist
Osmia excavata,Osmia,Megachilidae,453842304313,14,6.512813,NA,Generalist
Pseudoanthidium reticulatum,Pseudoanthidium,Megachilidae,597457542178,14,1,NA,Specialist
Colletes foveolaris,Colletes,Colletidae,1184898191023,15,2.27027,NA,Generalist
Dasypoda cingulata,Dasypoda,Melittidae,912554612636,15,7.945953,NA,Generalist
Andrena assimilis,Andrena,Andrenidae,988547999094,16,9.463602,11.122,Generalist
Andrena numida,Andrena,Andrenidae,171416510929,16,2,4,Generalist
Anthidium echinatum,Anthidium,Megachilidae,91961683311,16,5.999995,NA,Generalist
Osmia croatica,Osmia,Megachilidae,640902988507,16,1,NA,Specialist
Osmia distinguenda,Osmia,Megachilidae,13022265422,16,1,NA,Specialist
Osmia pedicornis,Osmia,Megachilidae,2304403211012,16,7.435642,NA,Generalist
Trachusa dumerlei,Trachusa,Megachilidae,264546818323,16,1,NA,Specialist
Eucera notata,Eucera,Apidae,651974936512,17,1.986132,8.5848,Generalist
Osmia carbo,Osmia,Megachilidae,2041461106,17,1,NA,Specialist
Osmia steinmanni,Osmia,Megachilidae,21708568229,17,1.964448,NA,Generalist
Stenoheriades coelostoma,Stenoheriades,Megachilidae,3900972068,17,1,NA,Specialist
Colletes cariniger,Colletes,Colletidae,938824314031,19,1.4,NA,Generalist
Rhodanthidium siculum,Rhodanthidium,Megachilidae,1098063457138,19,8.379787,NA,Generalist
Andrena beameri,Andrena,Andrenidae,125431516770,20,1.833333,NA,Generalist
Clavipanurgus punctiventris,Clavipanurgus,Andrenidae,63370660081,21,1,NA,Specialist
Colletes maidli,Colletes,Colletidae,2021338397743,21,8.522361,NA,Generalist
Osmia apicata,Osmia,Megachilidae,1678655650295,21,1,NA,Specialist
Osmia balearica,Osmia,Megachilidae,9084704509,21,1,NA,Specialist
Andrena tuberculifera,Andrena,Andrenidae,414772142205,22,4.411875,6.7526,Generalist
Osmia difficilis,Osmia,Megachilidae,1457967806094,22,1,NA,Specialist
Osmia pinguis,Osmia,Megachilidae,301894363604,22,1,NA,Specialist
Andrena biskrensis,Andrena,Andrenidae,39166754362,23,3.985921,5.9859,Generalist
Lasioglossum bimaculatum,Lasioglossum,Halictidae,581742574182,23,4.61322,5.6197,Generalist
Lasioglossum mediterraneum,Lasioglossum,Halictidae,975965057501,23,14.931701,18.115,Generalist
Andrena bullata,Andrena,Andrenidae,238732401100,24,1,NA,Specialist
Andrena sardoa,Andrena,Andrenidae,1405968326593,24,1,NA,Specialist
Eucera elongatula,Eucera,Apidae,565863408847,24,8.271956,14.517,Generalist
Eucera proxima,Eucera,Apidae,2953898430336,24,1.999828,NA,Generalist
Melitomella murihirta,Melitomella,Apidae,17711046.48,24,1,NA,Specialist
Dasypoda visnaga,Dasypoda,Melittidae,744904893491,24,1,NA,Specialist
Colletes perezi,Colletes,Colletidae,2313854658499,25,10.027511,NA,Generalist
Lipotriches cinerascens,Lipotriches,Halictidae,1139402576368,25,1,NA,Specialist
Hoplitis pallicornis,Hoplitis,Megachilidae,629730759168,25,5.109567,NA,Generalist
Hoplitis bihamata,Hoplitis,Megachilidae,12209402621,26,2.999979,NA,Generalist
Capicola micheneri,Capicola,Melittidae,146924842483,26,1,NA,Specialist
Euryglossa aureophila,Euryglossa,Colletidae,453436870.9,27,1,NA,Specialist
Pseudoanthidium melanurum,Pseudoanthidium,Megachilidae,3806569397865,27,1.333333,NA,Generalist
Andrena mucida,Andrena,Andrenidae,1170629367373,28,2.70922,3.7127,Generalist
Dasypoda crassicornis,Dasypoda,Melittidae,700646379938,28,2.9992,NA,Generalist
Andrena granulosa,Andrena,Andrenidae,1272639904747,29,1,NA,Specialist
Andrena ventricosa,Andrena,Andrenidae,1542620582030,29,2.590423,5.0781,Generalist
Ptilothrix plumata,Ptilothrix,Apidae,2455513532075,29,1,NA,Specialist
Eucera caspica,Eucera,Apidae,1355751315026,30,2.999964,6.9925,Generalist
Colletes sierrensis,Colletes,Colletidae,15203077438,30,1.905596,NA,Generalist
Andrena spolata,Andrena,Andrenidae,1185387682675,31,1,2,Specialist
Andrena antigana,Andrena,Andrenidae,591653216066,32,1,5,Specialist
Andrena funerea,Andrena,Andrenidae,194336403,32,1,2.8333,Specialist
Andrena senticulosa,Andrena,Andrenidae,25890812010,34,1.776942,NA,Generalist
Colletes pumilus,Colletes,Colletidae,1904879551660,34,4.961428,NA,Generalist
Andrena asperrima,Andrena,Andrenidae,951792586801,35,3.688298,7.3137,Generalist
Andrena oviventris,Andrena,Andrenidae,78680237431,35,2.188397,2.1884,Generalist
Lipotriches cribrosa,Lipotriches,Halictidae,1435335829069,36,1,NA,Specialist
Hoplitis annulata,Hoplitis,Megachilidae,2738532115571,36,1.360321,NA,Generalist
Hoplitis manicata,Hoplitis,Megachilidae,1320499626412,36,1.618598,NA,Generalist
Andrena longibarbis,Andrena,Andrenidae,396923820409,37,1.769231,3.9999,Generalist
Colletes gallicus,Colletes,Colletidae,1503215308729,37,4.501121,NA,Generalist
Colletes nanus,Colletes,Colletidae,1938128732693,39,5.414199,NA,Generalist
Colletes hethiticus,Colletes,Colletidae,120194545595,40,3.552446,NA,Generalist
Anthidium diadema,Anthidium,Megachilidae,3651758211573,40,2.855831,NA,Generalist
Osmia avosetta,Osmia,Megachilidae,13582660955,41,1,NA,Specialist
Andrena nitidula,Andrena,Andrenidae,972215590290,42,1,3.9638,Specialist
Haetosmia circumventa,Haetosmia,Megachilidae,2478023151425,42,1,NA,Specialist
Andrena chrysopus,Andrena,Andrenidae,1936582475427,44,1,NA,Specialist
Colletes eous,Colletes,Colletidae,7134425586309,44,11.959893,NA,Generalist
Andrena vetula,Andrena,Andrenidae,1978012804296,45,1.344828,3,Generalist
Bombus armeniacus,Bombus,Apidae,14940151981669,45,7.799167,17.604,Generalist
Eucera taurica,Eucera,Apidae,2880626887982,45,1,2.5525,Specialist
Hylaeus crassanus,Hylaeus,Colletidae,239394626124,45,4.995405,NA,Generalist
Hylaeus pilosulus,Hylaeus,Colletidae,190062046081,45,1,NA,Specialist
Osmia bidentata,Osmia,Megachilidae,3935975039018,45,1.410574,NA,Generalist
Andrena ferrugineicrus,Andrena,Andrenidae,593853542361,47,1,4.9458,Specialist
Colletes abeillei,Colletes,Colletidae,1362856231153,47,1.988972,NA,Generalist
Hoplitis praestans,Hoplitis,Megachilidae,1636929930933,47,1,NA,Specialist
Andrena anthrisci,Andrena,Andrenidae,1245426786652,48,5.986021,9.131,Generalist
Bombus melanurus,Bombus,Apidae,12756983462156,48,6.233158,14.355,Generalist
Icteranthidium ferrugineum,Icteranthidium,Megachilidae,16624318639593,48,12.918152,NA,Generalist
Hylaeus moricei,Hylaeus,Colletidae,6332960478928,49,11.034432,NA,Generalist
Osmia alticola,Osmia,Megachilidae,104522599858,49,1,NA,Specialist
Eucera nigrifacies,Eucera,Apidae,2362494317461,50,1,4,Specialist
Andrena asteroides,Andrena,Andrenidae,795594563367,51,1,NA,Specialist
Andrena freygessneri,Andrena,Andrenidae,120424388057,51,8.719384,NA,Generalist
Andrena symphyti,Andrena,Andrenidae,2548940551341,51,1,NA,Specialist
Andrena nasuta,Andrena,Andrenidae,2798654851248,52,1,NA,Specialist
Bombus fragrans,Bombus,Apidae,14179197755655,52,5.698174,10.625,Generalist
Andrena ranunculorum,Andrena,Andrenidae,1171334537963,53,5.556337,6.0996,Generalist
Pseudoanthidium scapulare,Pseudoanthidium,Megachilidae,2431030751762,54,1.181818,NA,Generalist
Andrena tonkaworum,Andrena,Andrenidae,726907793756,55,1.555556,NA,Generalist
Anthidium taeniatum,Anthidium,Megachilidae,3659650599221,55,5.415954,NA,Generalist
Megachile flabellipes,Megachile,Megachilidae,210003214789,55,1,NA,Specialist
Dasypoda spinigera,Dasypoda,Melittidae,138660889229,56,1,NA,Specialist
Hylaeus duckei,Hylaeus,Colletidae,4199945949638,58,2.608908,NA,Generalist
Andrena pallitarsis,Andrena,Andrenidae,1200186414170,59,1,NA,Specialist
Chalepogenus cocuccii,Chalepogenus,Apidae,195684994614,59,6.249686,NA,Generalist
Colletes rufotibialis,Colletes,Colletidae,47243479106,60,3.999926,NA,Generalist
Osmia anceyi,Osmia,Megachilidae,369059301584,62,1,NA,Specialist
Anthophora atroalba,Anthophora,Apidae,11195740711159,63,8.439701,17.552,Generalist
Eucera clypeata,Eucera,Apidae,5129531167993,63,7.897012,13.738,Generalist
Lipotriches hylaeoides,Lipotriches,Halictidae,7370040965998,64,1,NA,Specialist
Colletes inexpectatus,Colletes,Colletidae,2891194350865,65,1,NA,Specialist
Andrena fulvicornis,Andrena,Andrenidae,5025686534350,66,1.999967,6.9999,Generalist
Rhodanthidium infuscatum,Rhodanthidium,Megachilidae,676050430017,67,9.850375,NA,Generalist
Hoplitis cristatula,Hoplitis,Megachilidae,407037478220,70,1,NA,Specialist
Colletes lacunatus,Colletes,Colletidae,3445444593081,71,4,NA,Generalist
Colletes nasutus,Colletes,Colletidae,2996276857205,71,1,NA,Specialist
Andrena fabrella,Andrena,Andrenidae,658347790937,72,1,2,Specialist
Colletes albomaculatus,Colletes,Colletidae,5337169689537,72,5.750953,NA,Generalist
Chelostoma emarginatum,Chelostoma,Megachilidae,4822355288386,72,1,NA,Specialist
Andrena helianthiformis,Andrena,Andrenidae,2653838288326,73,1.951424,NA,Generalist
Osmia cerinthidis,Osmia,Megachilidae,5846220213439,74,3.4316,NA,Generalist
Protosmia minutula,Protosmia,Megachilidae,353370461972,74,2,NA,Generalist
Osmia ligurica,Osmia,Megachilidae,2399785446714,77,2.461703,NA,Generalist
Peponapis michelbacherorum,Peponapis,Apidae,68396361598,78,1,NA,Specialist
Andrena senecionis,Andrena,Andrenidae,855051855646,79,1,2.9999,Specialist
Hylaeus glacialis,Hylaeus,Colletidae,308664876362,79,7.800432,NA,Generalist
Bombus niveatus,Bombus,Apidae,2394371486272,82,5.559572,14.911,Generalist
Halictus pollinosus,Halictus,Halictidae,9556530149800,83,5,7,Generalist
Chelostoma foveolatum,Chelostoma,Megachilidae,1866962378707,84,1,NA,Specialist
Andrena montana,Andrena,Andrenidae,412220390755,85,11.166126,NA,Generalist
Panurgus maroccanus,Panurgus,Andrenidae,94985061056,86,1,3.9982,Specialist
Lasioglossum clypeare,Lasioglossum,Halictidae,3716278923787,86,1,NA,Specialist
Andrena suerinensis,Andrena,Andrenidae,2297052105068,87,1,NA,Specialist
Patellapis communis,Patellapis,Halictidae,103924536640,87,3.699109,NA,Generalist
Andrena spreta,Andrena,Andrenidae,2937112484525,89,3.744163,7.3321,Generalist
Anthophora diversipes,Anthophora,Apidae,111416698778,89,9.239055,NA,Generalist
Hoplitis benoisti,Hoplitis,Megachilidae,309278665826,89,1.760362,NA,Generalist
Andrena allosa,Andrena,Andrenidae,210436387442,90,7.548516,NA,Generalist
Colletes hylaeiformis,Colletes,Colletidae,6180836921869,90,1,NA,Specialist
Osmia scutellaris,Osmia,Megachilidae,881640016660,91,1,NA,Specialist
Andrena tenuistriata,Andrena,Andrenidae,1147824240063,97,2.199727,3.9202,Generalist
Euryglossa morrisoni,Euryglossa,Colletidae,3508822100,97,1,NA,Specialist
Chelostoma incisulum,Chelostoma,Megachilidae,197495652138,99,1.997739,NA,Generalist
Andrena simillima,Andrena,Andrenidae,1327210382748,100,8.980198,NA,Generalist
Andrena saxonica,Andrena,Andrenidae,2123957892346,101,1,NA,Specialist
Andrena afrensis,Andrena,Andrenidae,254103516232,102,6.482625,NA,Generalist
Eucera nigrilabris,Eucera,Apidae,3500487500698,106,3.588234,8.3831,Generalist
Andrena decipiens,Andrena,Andrenidae,2537316941626,107,3,3,Generalist
Othinosmia schultzei,Othinosmia,Megachilidae,222570588084,107,1,NA,Specialist
Andrena aeneiventris,Andrena,Andrenidae,5363483009358,108,1,1.9995,Specialist
Diadasia angusticeps,Diadasia,Apidae,322079727859,109,1,NA,Specialist
Andrena cinerea,Andrena,Andrenidae,3815342364593,112,1,2.4565,Specialist
Lasioglossum euboeense,Lasioglossum,Halictidae,2098078339540,112,8.654125,NA,Generalist
Colletes mlokossewiczi,Colletes,Colletidae,7894813507375,114,1,NA,Specialist
Andrena melliventris,Andrena,Andrenidae,2335085645061,115,1.914046,NA,Generalist
Andrena variabilis,Andrena,Andrenidae,4084583343367,116,4.963184,10.858,Generalist
Andrena isocomae,Andrena,Andrenidae,819520141660,117,1.999229,NA,Generalist
Perdita floridensis,Perdita,Andrenidae,324107697428,117,1,NA,Specialist
Andrena albopunctata,Andrena,Andrenidae,10914137584628,118,7.620169,8.5844,Generalist
Bombus zonatus,Bombus,Apidae,2292775431135,119,5.694876,15.271,Generalist
Andrena fuscosa,Andrena,Andrenidae,10752337386417,120,7.165522,10.108,Generalist
Colletes collaris,Colletes,Colletidae,2584395474026,120,2,NA,Generalist
Hylaeus tyrolensis,Hylaeus,Colletidae,2579192410697,120,1,NA,Specialist
Macrotera texana,Macrotera,Andrenidae,830884951031,122,1,NA,Specialist
Osmia tricornis,Osmia,Megachilidae,2474955947880,123,9.273077,NA,Generalist
Xenoglossa patricia,Xenoglossa,Apidae,1081131321701,124,1,NA,Specialist
Andrena verticalis,Andrena,Andrenidae,1558361334152,125,2,5.6762,Generalist
Camptopoeum frontale,Camptopoeum,Andrenidae,2328842401666,126,1,2,Specialist
Bombus cullumanus,Bombus,Apidae,26189564458328,126,9.213691,14.988,Generalist
Andrena potentillae,Andrena,Andrenidae,2401554327454,127,1,NA,Specialist
Icteranthidium grohmanni,Icteranthidium,Megachilidae,2444755162770,127,11.495736,NA,Generalist
Andrena niveata,Andrena,Andrenidae,5321590783867,128,2.900897,4.9091,Generalist
Lasioglossum pauperatum,Lasioglossum,Halictidae,3670188195685,129,8.900153,10.892,Generalist
Systropha planidens,Systropha,Halictidae,12428883403597,129,1,NA,Specialist
Lasioglossum convexiusculum,Lasioglossum,Halictidae,3321593046895,131,1,NA,Specialist
Camptopoeum friesei,Camptopoeum,Andrenidae,500677212138,132,1,1,Specialist
Rhodanthidium caturigense,Rhodanthidium,Megachilidae,907622486486,140,7.72052,NA,Generalist
Meganomia binghami,Meganomia,Melittidae,1628504260372,141,4.96546,NA,Generalist
Scrapter niger,Scrapter,Colletidae,334696121529,143,3.91165,NA,Generalist
Osmia tergestensis,Osmia,Megachilidae,3032998647328,151,2.24506,NA,Generalist
Diadasia tropicalis,Diadasia,Apidae,2732602568307,152,1,NA,Specialist
Andrena leucolippa,Andrena,Andrenidae,785393038986,160,1,1,Specialist
Megachile pilicrus,Megachile,Megachilidae,4631593701812,160,1,NA,Specialist
Lasioglossum albocinctum,Lasioglossum,Halictidae,1834453171652,161,6.611377,NA,Generalist
Rophites quinquespinosus,Rophites,Halictidae,10948119106266,163,1,NA,Specialist
Andrena floricola,Andrena,Andrenidae,2256188605413,165,1,NA,Specialist
Anthidium loti,Anthidium,Megachilidae,6106016273026,165,3.853292,NA,Generalist
Diadasina riparia,Diadasina,Apidae,3752559193297,166,1,NA,Specialist
Hylaeus paulus,Hylaeus,Colletidae,23265580172527,166,6.073621,NA,Generalist
Protomeliturga turnerae,Protomeliturga,Andrenidae,636102542893,179,1,NA,Specialist
Osmia laticeps,Osmia,Megachilidae,52735587130656,179,1,NA,Specialist
Dufourea monardae,Dufourea,Halictidae,2810652150030,181,1,NA,Specialist
Samba ogilviei,Samba,Melittidae,50222588612,182,2.999389,NA,Generalist
Andrena crawfordi,Andrena,Andrenidae,495320918297,185,1,NA,Specialist
Osmia labialis,Osmia,Megachilidae,493698118748,190,1.2,NA,Generalist
Andrena rogenhoferi,Andrena,Andrenidae,479873999543,206,13.475944,NA,Generalist
Arhysosage cactorum,Arhysosage,Andrenidae,131998093778,210,1,NA,Specialist
Andrena fulvipennis,Andrena,Andrenidae,1729562893861,211,1,NA,Specialist
Andrena balsamorhizae,Andrena,Andrenidae,57323512565,213,1.876884,NA,Generalist
Andrena polita,Andrena,Andrenidae,8623487889735,213,1,NA,Specialist
Hylaeus pfankuchi,Hylaeus,Colletidae,23350524009678,222,5.157764,NA,Generalist
Systropha curvicornis,Systropha,Halictidae,4829630114878,222,1,NA,Specialist
Trachusa interrupta,Trachusa,Megachilidae,2001128255298,224,1,NA,Specialist
Anthidium montanum,Anthidium,Megachilidae,325248611939,225,1.285714,NA,Generalist
Andrena haynesi,Andrena,Andrenidae,3579986650164,231,1.992991,NA,Generalist
Xenoglossa angustior,Xenoglossa,Apidae,2596331384088,232,1,NA,Specialist
Dufourea paradoxa,Dufourea,Halictidae,1977765208625,240,9.008189,NA,Generalist
Andrena integra,Andrena,Andrenidae,4618522283382,249,1,NA,Specialist
Panurginus herzi,Panurginus,Andrenidae,384050096659,249,1.847682,NA,Generalist
Lasioglossum intermedium,Lasioglossum,Halictidae,3716717157008,257,6.997842,NA,Generalist
Anthidium cingulatum,Anthidium,Megachilidae,15523740712467,263,6.900983,NA,Generalist
Hylaeus nivalis,Hylaeus,Colletidae,249999797358,277,10.983803,NA,Generalist
Hylaeus taeniolatus,Hylaeus,Colletidae,7048495095082,282,3.301992,NA,Generalist
Bombus haematurus,Bombus,Apidae,7669760032084,284,7.727186,13.355,Generalist
Eucera interrupta,Eucera,Apidae,9377715064723,285,1,7.8336,Specialist
Andrena nana,Andrena,Andrenidae,3175060603127,310,2.196078,9.0992,Generalist
Peponapis utahensis,Peponapis,Apidae,2212017995553,312,1,NA,Specialist
Andrena gelriae,Andrena,Andrenidae,7771022211184,315,1,NA,Specialist
Andrena rufizona,Andrena,Andrenidae,1811139234917,320,1,NA,Specialist
Eucera primiveris,Eucera,Apidae,809687653273,320,5.96059,NA,Generalist
Melissodes illatus,Melissodes,Apidae,7838974608863,323,1.948122,NA,Generalist
Melitta dimidiata,Melitta,Melittidae,6272904387673,323,1,NA,Specialist
Panurginus montanus,Panurginus,Andrenidae,215846259212,336,7.500101,NA,Generalist
Andrena synadelpha,Andrena,Andrenidae,3411109185900,339,12.073526,14.968,Generalist
Diadasia laticauda,Diadasia,Apidae,204153399393,342,1,NA,Specialist
Chelostoma grande,Chelostoma,Megachilidae,344129616303,344,1,NA,Specialist
Lasioglossum prasinum,Lasioglossum,Halictidae,3873196161410,346,4.671139,4.6711,Generalist
Lasioglossum paradmirandum,Lasioglossum,Halictidae,3352169865872,348,9.890367,NA,Generalist
Icteranthidium laterale,Icteranthidium,Megachilidae,9563864007305,355,7.62066,NA,Generalist
Rophites algirus,Rophites,Halictidae,6802895099268,369,1,NA,Specialist
Melissodes subillatus,Melissodes,Apidae,10986367809648,372,1,NA,Specialist
Andrena virginiana,Andrena,Andrenidae,5288385688782,380,2,NA,Generalist
Colletes capensis,Colletes,Colletidae,959916972968,384,3.740718,NA,Generalist
Lasioglossum pallens,Lasioglossum,Halictidae,2296807170466,385,3.279991,NA,Generalist
Hylaeus kahri,Hylaeus,Colletidae,5189097315049,386,2.869761,NA,Generalist
Dufourea halictula,Dufourea,Halictidae,2604932044615,386,1,NA,Specialist
Hoplitis ravouxi,Hoplitis,Megachilidae,1883710630801,386,2.998443,NA,Generalist
Colletes validus,Colletes,Colletidae,2691490961173,392,1,NA,Specialist
Osmia andrenoides,Osmia,Megachilidae,6107337590836,398,7.789873,NA,Generalist
Dufourea inermis,Dufourea,Halictidae,4774441706505,407,1,NA,Specialist
Diadasia sphaeralcearum,Diadasia,Apidae,2410679300116,410,1,NA,Specialist
Diadasia nigrifrons,Diadasia,Apidae,2602782284209,412,1,NA,Specialist
Lasioglossum monstrificum,Lasioglossum,Halictidae,3339175159252,415,8,NA,Generalist
Colletes nigricans,Colletes,Colletidae,1246748511264,418,10.969805,NA,Generalist
Hylaeus alpinus,Hylaeus,Colletidae,297866518897,418,11.938756,NA,Generalist
Andrena ampla,Andrena,Andrenidae,1932096436835,439,1,4,Specialist
Hylaeus clypearis,Hylaeus,Colletidae,4343782809666,443,2.20385,NA,Generalist
Colletes consors,Colletes,Colletidae,23073136890041,445,4,NA,Generalist
Rhodanthidium sticticum,Rhodanthidium,Megachilidae,1286096859882,445,10.355544,NA,Generalist
Lasioglossum macoupinense,Lasioglossum,Halictidae,9168945674280,450,5.752271,NA,Generalist
Andrena ceanothi,Andrena,Andrenidae,4800474124523,453,6.948806,NA,Generalist
Dufourea minuta,Dufourea,Halictidae,9585494145180,459,1,NA,Specialist
Scrapter nitidus,Scrapter,Colletidae,846632091894,468,1,NA,Specialist
Osmia mustelina,Osmia,Megachilidae,5626401545343,476,6.610361,NA,Generalist
Osmia conjuncta,Osmia,Megachilidae,3847750917234,482,3.766818,NA,Generalist
Chelostoma minutum,Chelostoma,Megachilidae,1851610034371,483,2.999964,NA,Generalist
Colletes petalostemonis,Colletes,Colletidae,2028783087206,485,1,NA,Specialist
Dufourea alpina,Dufourea,Halictidae,435925388138,488,6.046502,NA,Generalist
Lithurgus chrysurus,Lithurgus,Megachilidae,17436333223195,493,1,NA,Specialist
Lasioglossum perpunctatum,Lasioglossum,Halictidae,9617640002194,497,6.5,NA,Generalist
Bombus confusus,Bombus,Apidae,14374044734103,506,5.656354,13.921,Generalist
Andrena nitidiuscula,Andrena,Andrenidae,5323140733371,508,1,NA,Specialist
Xenoglossa strenua,Xenoglossa,Apidae,8962642127129,515,1,NA,Specialist
Andrena amieti,Andrena,Andrenidae,398380451023,516,12.100598,NA,Generalist
Andrena simplex,Andrena,Andrenidae,4413626662510,517,1,NA,Specialist
Osmia gallarum,Osmia,Megachilidae,4210880557238,518,1,NA,Specialist
Andrena astragali,Andrena,Andrenidae,4478628647241,519,1,NA,Specialist
Lasioglossum puncticolle,Lasioglossum,Halictidae,5926560766013,530,2.763836,10.664,Generalist
Andrena alfkenella,Andrena,Andrenidae,6231729889754,533,4.89834,12.014,Generalist
Diadasia vallicola,Diadasia,Apidae,1689205493648,543,1,NA,Specialist
Hoplitis anthocopoides,Hoplitis,Megachilidae,9003458961632,543,1,NA,Specialist
Anthidium septemspinosum,Anthidium,Megachilidae,41565126120126,554,7.320688,NA,Generalist
Andrena afzeliella,Andrena,Andrenidae,4434979651657,555,5.400241,11.16,Generalist
Andrena rudbeckiae,Andrena,Andrenidae,5755148303958,559,1.357143,NA,Generalist
Chelostoma phaceliae,Chelostoma,Megachilidae,1352591086066,563,1,NA,Specialist
Hylaeus cornutus,Hylaeus,Colletidae,8874804129781,576,3.637768,NA,Generalist
Lasioglossum costulatum,Lasioglossum,Halictidae,10531940881623,576,2.848182,NA,Generalist
Amegilla albigena,Amegilla,Apidae,17679010121552,586,4.999429,6.9995,Generalist
Andrena gardineri,Andrena,Andrenidae,4616247466128,588,1.99891,NA,Generalist
Hoplitis villosa,Hoplitis,Megachilidae,1724423537129,590,2.849138,NA,Generalist
Andrena placata,Andrena,Andrenidae,6478327676583,593,1,NA,Specialist
Andrena varians,Andrena,Andrenidae,4946718230966,607,4.159795,7.0201,Generalist
Lasioglossum anomalum,Lasioglossum,Halictidae,4445842003872,609,5.999989,NA,Generalist
Andrena miranda,Andrena,Andrenidae,23001416235710,615,4.951424,NA,Generalist
Melitturga clavicornis,Melitturga,Andrenidae,21789776926629,615,1,NA,Specialist
Lasioglossum brevicorne,Lasioglossum,Halictidae,7929014715069,618,2.006831,2,Generalist
Andrena alleghaniensis,Andrena,Andrenidae,5899877420476,626,9.745688,NA,Generalist
Andrena lagopus,Andrena,Andrenidae,2976934213493,633,1,2,Specialist
Lasioglossum paraforbesii,Lasioglossum,Halictidae,9306992451688,645,7.995977,NA,Generalist
Bombus pomorum,Bombus,Apidae,8535264746004,647,9.373833,18.98,Generalist
Andrena mandibularis,Andrena,Andrenidae,13576989891281,648,5.977284,NA,Generalist
Andrena mitis,Andrena,Andrenidae,2020678165203,656,1,NA,Specialist
Osmia inermis,Osmia,Megachilidae,93787559573328,657,3.698242,NA,Generalist
Hoplitis robusta,Hoplitis,Megachilidae,51607710384302,663,5.378335,NA,Generalist
Andrena spiraeana,Andrena,Andrenidae,5684970796257,678,7.307692,NA,Generalist
Andrena brevipalpis,Andrena,Andrenidae,6255060225643,687,1.996885,NA,Generalist
Osmia pilicornis,Osmia,Megachilidae,5527789945476,731,6.631371,NA,Generalist
Andrena bradleyi,Andrena,Andrenidae,4514316028852,737,1,NA,Specialist
Colletes halophilus,Colletes,Colletidae,2590748937861,740,2.842946,NA,Generalist
Hoplitis lepeletieri,Hoplitis,Megachilidae,276288584146,744,1,NA,Specialist
Andrena asteris,Andrena,Andrenidae,5452816243702,748,1,NA,Specialist
Andrena nycthemera,Andrena,Andrenidae,12782485049254,755,1,NA,Specialist
Dasypoda argentata,Dasypoda,Melittidae,37222933561303,756,1.564972,NA,Generalist
Hylaeus styriacus,Hylaeus,Colletidae,8072280474065,761,1,NA,Specialist
Andrena apicata,Andrena,Andrenidae,6819081813499,764,1.776942,1.7769,Generalist
Melitoma segmentaria,Melitoma,Apidae,20738198761248,765,1,NA,Specialist
Andrena rufosignata,Andrena,Andrenidae,32143901639971,766,5.453455,NA,Generalist
Hoplitis loti,Hoplitis,Megachilidae,229201789821,766,3.842769,NA,Generalist
Andrena propinqua,Andrena,Andrenidae,9108133644219,767,11.014504,16.046,Generalist
Andrena robertsonii,Andrena,Andrenidae,4426901611308,780,3,NA,Generalist
Chelostoma californicum,Chelostoma,Megachilidae,942362024140,780,1,NA,Specialist
Megachile apicalis,Megachile,Megachilidae,34793852906349,805,5.403922,NA,Generalist
Andrena andrenoides,Andrena,Andrenidae,8378035336668,838,1,NA,Specialist
Andrena bimaculata,Andrena,Andrenidae,13426168564484,846,8.695272,18.178,Generalist
Osmia nigriventris,Osmia,Megachilidae,93994788642130,888,4.945257,NA,Generalist
Colletes marginatus,Colletes,Colletidae,16802996705187,891,7.139522,NA,Generalist
Colletes impunctatus,Colletes,Colletidae,89047488008629,892,8.436838,NA,Generalist
Chelostoma distinctum,Chelostoma,Megachilidae,12475333791160,903,1,NA,Specialist
Andrena agilissima,Andrena,Andrenidae,6131181842296,906,2.954619,5.9543,Generalist
Lasioglossum tricinctum,Lasioglossum,Halictidae,3209672628319,914,10.995083,NA,Generalist
Eucera frater,Eucera,Apidae,4491868790681,925,5,NA,Generalist
Lasioglossum acuminatum,Lasioglossum,Halictidae,3951266817271,940,9.711108,NA,Generalist
Andrena curvungula,Andrena,Andrenidae,5405453181411,948,1,NA,Specialist
Andrena pilipes,Andrena,Andrenidae,19827749926303,953,5.540962,10.481,Generalist
Andrena nuda,Andrena,Andrenidae,6723670540400,984,6,NA,Generalist
Bombus mucidus,Bombus,Apidae,1112517792828,992,4.885455,NA,Generalist
Andrena carolina,Andrena,Andrenidae,3519982055484,1003,1,NA,Specialist
Rhodanthidium septemdentatum,Rhodanthidium,Megachilidae,6408097061967,1016,13.138471,NA,Generalist
Hoplitis mitis,Hoplitis,Megachilidae,2237743159515,1021,1,NA,Specialist
Andrena viridescens,Andrena,Andrenidae,5786061499244,1023,1,NA,Specialist
Osmia xanthomelana,Osmia,Megachilidae,5638412568993,1031,1,NA,Specialist
Chelostoma philadelphi,Chelostoma,Megachilidae,3637593158253,1044,1,NA,Specialist
Hylaeus pictipes,Hylaeus,Colletidae,10906561010206,1058,8.731807,NA,Generalist
Osmia niveata,Osmia,Megachilidae,10136307154000,1066,1,NA,Specialist
Panurgus dentipes,Panurgus,Andrenidae,2269809990199,1072,1,NA,Specialist
Centris nitida,Centris,Apidae,4435574418253,1072,10.551193,NA,Generalist
Colletes fodiens,Colletes,Colletidae,6630716831270,1114,1,NA,Specialist
Andrena commoda,Andrena,Andrenidae,10953779542544,1134,6.806122,NA,Generalist
Lasioglossum xanthopus,Lasioglossum,Halictidae,17507162120681,1146,7.49872,15.054,Generalist
Lasioglossum interruptum,Lasioglossum,Halictidae,5866217492685,1148,10.761867,15.209,Generalist
Megachile nigriventris,Megachile,Megachilidae,9274492055626,1148,1,NA,Specialist
Osmia uncinata,Osmia,Megachilidae,46612613169607,1154,7.215124,NA,Generalist
Bombus argillaceus,Bombus,Apidae,10210274041403,1179,8.166658,23.97,Generalist
Lasioglossum foxii,Lasioglossum,Halictidae,13693349603821,1209,3.714286,NA,Generalist
Hylaeus sinuatus,Hylaeus,Colletidae,9980456075678,1225,1.804454,NA,Generalist
Hylaeus gibbus,Hylaeus,Colletidae,15120610385455,1236,11.521577,NA,Generalist
Andrena russula,Andrena,Andrenidae,15409613487288,1247,1,NA,Specialist
Lasioglossum cinctipes,Lasioglossum,Halictidae,11528334886551,1259,8.245676,NA,Generalist
Bombus mendax,Bombus,Apidae,472250933254,1265,8.236449,11.183,Generalist
Megachile analis,Megachile,Megachilidae,40818811149219,1274,4.26959,NA,Generalist
Andrena thoracica,Andrena,Andrenidae,53507612195389,1283,12.104674,22.238,Generalist
Andrena nigriceps,Andrena,Andrenidae,7874084257535,1288,9.263131,14.564,Generalist
Lasioglossum cupromicans,Lasioglossum,Halictidae,2336281543479,1299,16.688067,NA,Generalist
Melitta tricincta,Melitta,Melittidae,5827073658621,1305,1,NA,Specialist
Colletes floralis,Colletes,Colletidae,32448604679947,1390,6.994813,NA,Generalist
Halictus quadricinctus,Halictus,Halictidae,25931500856191,1391,5.011414,11.546,Generalist
Hylaeus variegatus,Hylaeus,Colletidae,17932074231847,1396,6.303578,NA,Generalist
Andrena labialis,Andrena,Andrenidae,14880696874844,1402,8.422365,17.308,Generalist
Andrena angustior,Andrena,Andrenidae,4789578214492,1405,12.412095,20.543,Generalist
Lasioglossum nigripes,Lasioglossum,Halictidae,6282388160591,1470,4.517947,10.602,Generalist
Andrena nivalis,Andrena,Andrenidae,18446988000722,1493,6.770777,NA,Generalist
Bombus alpinus,Bombus,Apidae,10387721217680,1496,10.39851,7.9618,Generalist
Andrena ziziae,Andrena,Andrenidae,6494906729579,1511,1,NA,Specialist
Lasioglossum versans,Lasioglossum,Halictidae,15323484606200,1513,8.769231,NA,Generalist
Andrena frigida,Andrena,Andrenidae,29816302812070,1542,1.992494,NA,Generalist
Hoplitis tuberculata,Hoplitis,Megachilidae,5730244128089,1553,6.02035,NA,Generalist
Hylaeus rinki,Hylaeus,Colletidae,5873863579257,1560,4.578768,NA,Generalist
Anthophora aestivalis,Anthophora,Apidae,12425961600921,1567,5.992457,11.694,Generalist
Osmia brevis,Osmia,Megachilidae,7668975936698,1604,1,NA,Specialist
Andrena coitana,Andrena,Andrenidae,10334396187539,1636,11.16181,NA,Generalist
Colletes thoracicus,Colletes,Colletidae,4308574418427,1642,6.999806,NA,Generalist
Osmia ribifloris,Osmia,Megachilidae,5969074035131,1657,7.454564,NA,Generalist
Hylaeus incongruus,Hylaeus,Colletidae,13711983104649,1665,11.558189,NA,Generalist
Andrena erythrogaster,Andrena,Andrenidae,11716883432472,1672,1.998422,NA,Generalist
Lasioglossum laevissimum,Lasioglossum,Halictidae,16300220281539,1684,7.99972,NA,Generalist
Hylaeus pectoralis,Hylaeus,Colletidae,28116527337648,1707,9.127059,NA,Generalist
Megachile alpicola,Megachile,Megachilidae,6380469143591,1709,12.763536,NA,Generalist
Osmia montana,Osmia,Megachilidae,7398315125903,1726,1,NA,Specialist
Lasioglossum lineatulum,Lasioglossum,Halictidae,9461253862633,1731,11.752153,NA,Generalist
Osmia parietina,Osmia,Megachilidae,44027977416717,1735,3.91467,NA,Generalist
Hylaeus leptocephalus,Hylaeus,Colletidae,35434877452214,1762,7.879999,NA,Generalist
Anthophora bimaculata,Anthophora,Apidae,20527338957130,1780,3.999977,5.9951,Generalist
Osmia californica,Osmia,Megachilidae,4076994415989,1806,1,NA,Specialist
Andrena w-scripta,Andrena,Andrenidae,22543061664428,1832,5.979048,NA,Generalist
Hylaeus gredleri,Hylaeus,Colletidae,11479916159307,1852,3.203516,NA,Generalist
Hoplitis pilosifrons,Hoplitis,Megachilidae,17246601587846,1853,2,NA,Generalist
Megachile maritima,Megachile,Megachilidae,39488599589167,1869,4.714286,NA,Generalist
Andrena argentata,Andrena,Andrenidae,8018262195237,1925,7.591083,4.9162,Generalist
Andrena rosae,Andrena,Andrenidae,40759322105920,1932,3.970061,NA,Generalist
Colletes simulans,Colletes,Colletidae,16604808935702,1938,1,NA,Specialist
Bombus mesomelas,Bombus,Apidae,4753314779189,1943,8.693318,20.568,Generalist
Andrena rugosa,Andrena,Andrenidae,4989083268498,1962,11.040361,NA,Generalist
Andrena hippotes,Andrena,Andrenidae,14624400228482,1994,7.259373,NA,Generalist
Osmia bucephala,Osmia,Megachilidae,28538445038937,2019,5.41844,NA,Generalist
Osmia cornifrons,Osmia,Megachilidae,28109394956122,2057,8.702107,NA,Generalist
Osmia atriventris,Osmia,Megachilidae,12795980370726,2094,4.975404,NA,Generalist
Lasioglossum glabriusculum,Lasioglossum,Halictidae,4325027887237,2103,9.9748,NA,Generalist
Hylaeus angustatus,Hylaeus,Colletidae,12923333932449,2130,12.662449,NA,Generalist
Diadasia enavata,Diadasia,Apidae,8604125378815,2151,1,NA,Specialist
Andrena hirticincta,Andrena,Andrenidae,9176250544358,2310,1,NA,Specialist
Andrena forbesii,Andrena,Andrenidae,15200710920392,2327,10.378846,NA,Generalist
Anthidium florentinum,Anthidium,Megachilidae,41510662339040,2432,9.152594,NA,Generalist
Andrena lathyri,Andrena,Andrenidae,5856428133522,2505,1,NA,Specialist
Dufourea dentiventris,Dufourea,Halictidae,5934138371765,2573,1,NA,Specialist
Bombus sporadicus,Bombus,Apidae,61597805811865,2576,5.990749,6.99,Generalist
Lasioglossum parvulum,Lasioglossum,Halictidae,5509256235199,2579,11.20786,13.099,Generalist
Hylaeus dilatatus,Hylaeus,Colletidae,10651267824641,2585,10.777477,NA,Generalist
Lasioglossum quebecense,Lasioglossum,Halictidae,30832831554514,2591,8.997674,NA,Generalist
Melissodes desponsus,Melissodes,Apidae,10426147399682,2673,1,NA,Specialist
Osmia taurus,Osmia,Megachilidae,28626444262630,2773,7.996445,NA,Generalist
Eulaema nigrita,Eulaema,Apidae,12479736551187,2812,5.776705,NA,Generalist
Hylaeus nigritus,Hylaeus,Colletidae,13940951744813,2816,3.693674,NA,Generalist
Lasioglossum lativentre,Lasioglossum,Halictidae,10581644098091,2824,4.689348,6.5306,Generalist
Colletes similis,Colletes,Colletidae,22376889473096,2830,3.822413,NA,Generalist
Lasioglossum laevigatum,Lasioglossum,Halictidae,6613659786533,2872,12.433152,18.065,Generalist
Bombus sichelii,Bombus,Apidae,49688659591615,2960,9.346998,13.647,Generalist
Megachile latimanus,Megachile,Megachilidae,27472774401779,3021,4.233578,NA,Generalist
Halictus maculatus,Halictus,Halictidae,17399740904665,3022,6.538461,11.305,Generalist
Osmia spinulosa,Osmia,Megachilidae,18553544695761,3062,1.887417,NA,Generalist
Heriades carinata,Heriades,Megachilidae,15503682267282,3092,4,NA,Generalist
Andrena labiata,Andrena,Andrenidae,15483030332191,3134,9.497016,21.929,Generalist
Halictus subauratus,Halictus,Halictidae,19195261076370,3242,10.810144,18.798,Generalist
Andrena ruficrus,Andrena,Andrenidae,43569778818019,3244,1,NA,Specialist
Agapostemon sericeus,Agapostemon,Halictidae,11680770531734,3271,6.931812,NA,Generalist
Anthidiellum strigatum,Anthidiellum,Megachilidae,27657627164697,3320,10.82089,NA,Generalist
Panurgus banksianus,Panurgus,Andrenidae,6178682996049,3364,1,NA,Specialist
Diadasia ochracea,Diadasia,Apidae,4632534498013,3421,1,NA,Specialist
Andrena semilaevis,Andrena,Andrenidae,14243100856729,3436,4.02128,9.4557,Generalist
Colletes succinctus,Colletes,Colletidae,9091575108556,3487,3.62499,NA,Generalist
Eucera nigrescens,Eucera,Apidae,7837259707323,3543,2.497512,8.3177,Generalist
Hylaeus signatus,Hylaeus,Colletidae,18633122883257,3561,1,NA,Specialist
Euglossa cordata,Euglossa,Apidae,12934927758378,3635,8.376538,NA,Generalist
Hoplitis adunca,Hoplitis,Megachilidae,9551806064427,3673,1,NA,Specialist
Andrena perplexa,Andrena,Andrenidae,10170543453009,3674,12,NA,Generalist
Andrena minutuloides,Andrena,Andrenidae,11268131494757,3697,5.074918,11.998,Generalist
Bombus ruderatus,Bombus,Apidae,87811006186606,3754,9.356024,15.203,Generalist
Andrena imitatrix,Andrena,Andrenidae,12607386118248,3838,5.631012,NA,Generalist
Anthophora quadrimaculata,Anthophora,Apidae,15090970190689,3870,3.999885,NA,Generalist
Andrena ventralis,Andrena,Andrenidae,31610546661826,3881,1,NA,Specialist
Ceratina mikmaqi,Ceratina,Apidae,4822625015882,4024,7.716582,NA,Generalist
Lasioglossum pectorale,Lasioglossum,Halictidae,9093213167850,4048,10.141116,NA,Generalist
Bombus balteatus,Bombus,Apidae,174339507748236,4118,8.383321,16.048,Generalist
Melitta nigricans,Melitta,Melittidae,9188174041663,4163,1,NA,Specialist
Bombus distinguendus,Bombus,Apidae,94166530737543,4387,7.046843,10.949,Generalist
Andrena cressonii,Andrena,Andrenidae,13621701285587,4396,8.611134,NA,Generalist
Bombus veteranus,Bombus,Apidae,35128439871472,4414,8.677551,14.389,Generalist
Andrena trimmerana,Andrena,Andrenidae,16586302846910,4424,6.397289,8.3924,Generalist
Andrena gravida,Andrena,Andrenidae,6460026050339,4447,10.310325,17.643,Generalist
Peponapis pruinosa,Peponapis,Apidae,14113834601017,4477,1,NA,Specialist
Lasioglossum punctatissimum,Lasioglossum,Halictidae,11090460528137,4525,5.900901,8.9001,Generalist
Bombus lapponicus,Bombus,Apidae,77336319549046,4556,6.268865,10.848,Generalist
Andrena fuscipes,Andrena,Andrenidae,9184460021195,4629,1,NA,Specialist
Ptilothrix bombiformis,Ptilothrix,Apidae,4623740559760,4658,1,NA,Specialist
Lasioglossum coriaceum,Lasioglossum,Halictidae,10164600318019,4670,8.277221,NA,Generalist
Andrena vicina,Andrena,Andrenidae,17904297002485,4780,10.877094,NA,Generalist
Melitta leporina,Melitta,Melittidae,30977139352969,4925,1,NA,Specialist
Bombus subterraneus,Bombus,Apidae,77450751174837,4994,6.825874,15.752,Generalist
Megachile rotundata,Megachile,Megachilidae,148567967474492,5248,2.871871,NA,Generalist
Colletes inaequalis,Colletes,Colletidae,14927837279621,5291,4.857999,NA,Generalist
Diadasia diminuta,Diadasia,Apidae,10298055441774,5369,3.962704,NA,Generalist
Trachusa byssina,Trachusa,Megachilidae,26928053229499,5427,2.867136,NA,Generalist
Anthophora furcata,Anthophora,Apidae,36202854485224,5467,2.933471,NA,Generalist
Anthidium punctatum,Anthidium,Megachilidae,31732663686141,5478,5.764651,NA,Generalist
Andrena ovatula,Andrena,Andrenidae,10175279587292,5559,1.37037,12.642,Generalist
Andrena fucata,Andrena,Andrenidae,39942303964545,5725,13.177618,14.196,Generalist
Andrena lapponica,Andrena,Andrenidae,30841786184823,5756,9.847643,NA,Generalist
Andrena chrysosceles,Andrena,Andrenidae,11574793439335,5768,8.157459,16.962,Generalist
Osmia pumila,Osmia,Megachilidae,6159886784854,5810,7.465552,NA,Generalist
Melitta haemorrhoidalis,Melitta,Melittidae,10472629871067,5879,1,NA,Specialist
Megachile mendica,Megachile,Megachilidae,14815919532211,5989,3,NA,Generalist
Anthidium oblongatum,Anthidium,Megachilidae,32958942407000,6030,6.349038,NA,Generalist
Osmia aurulenta,Osmia,Megachilidae,9599853623956,6059,2,NA,Generalist
Hylaeus brevicornis,Hylaeus,Colletidae,20230998258347,6101,5.626674,NA,Generalist
Andrena nasonii,Andrena,Andrenidae,12003348193674,6265,9.262201,NA,Generalist
Andrena denticulata,Andrena,Andrenidae,39606382374652,6460,2.116385,7.8707,Generalist
Andrena crataegi,Andrena,Andrenidae,16358767572410,6493,8.461309,NA,Generalist
Ceratina dupla,Ceratina,Apidae,9106437276563,6687,9.888864,NA,Generalist
Bombus monticola,Bombus,Apidae,13208882295876,6780,8.502932,13.952,Generalist
Andrena praecox,Andrena,Andrenidae,19918033348320,6872,1.726817,1.7268,Generalist
Andrena miserabilis,Andrena,Andrenidae,17713802301797,6980,3.963108,NA,Generalist
Bombus borealis,Bombus,Apidae,28998656976524,7043,9.733432,NA,Generalist
Andrena helvola,Andrena,Andrenidae,24250074623285,7119,10.635905,14.469,Generalist
Lasioglossum hitchensi,Lasioglossum,Halictidae,5904802787786,7152,11.382839,NA,Generalist
Megachile centuncularis,Megachile,Megachilidae,39555452110774,7242,11.064951,NA,Generalist
Osmia caerulescens,Osmia,Megachilidae,119944980878859,7307,2,NA,Generalist
Bombus frigidus,Bombus,Apidae,48766979715579,7393,7.691232,8.2203,Generalist
Eucera longicornis,Eucera,Apidae,27860858083893,7664,2.58302,10.412,Generalist
Bombus wurflenii,Bombus,Apidae,16529880534780,7767,8.563689,10.259,Generalist
Andrena scotica,Andrena,Andrenidae,7933577181883,7856,11.373205,18.407,Generalist
Lasioglossum cressonii,Lasioglossum,Halictidae,14987256259695,7897,13.038219,NA,Generalist
Panurgus calcaratus,Panurgus,Andrenidae,22152855275238,7941,1,NA,Specialist
Andrena dorsata,Andrena,Andrenidae,13787807360762,7997,12.858989,26.304,Generalist
Colletes kincaidii,Colletes,Colletidae,42669698929301,8155,5,NA,Generalist
Chelostoma campanularum,Chelostoma,Megachilidae,24224277500058,8203,1,NA,Specialist
Bombus muscorum,Bombus,Apidae,64557722697919,8574,8.014283,14.992,Generalist
Chelostoma florisomne,Chelostoma,Megachilidae,13041069667240,8958,1,NA,Specialist
Chelostoma rapunculi,Chelostoma,Megachilidae,41933098120484,9111,1,NA,Specialist
Bombus auricomus,Bombus,Apidae,16928618916988,9416,5.79703,NA,Generalist
Lasioglossum imitatum,Lasioglossum,Halictidae,11846887516709,9535,9.6741,NA,Generalist
Andrena carlini,Andrena,Andrenidae,12266152595799,9710,12.737994,NA,Generalist
Bombus affinis,Bombus,Apidae,12056139897077,10076,12.757107,NA,Generalist
Andrena nitida,Andrena,Andrenidae,24789645745706,10312,13.18719,21.702,Generalist
Andrena barbilabris,Andrena,Andrenidae,66923846771721,10343,8.391719,15.405,Generalist
Colletes daviesanus,Colletes,Colletidae,43102578659708,10506,1,NA,Specialist
Andrena subopaca,Andrena,Andrenidae,41801302550927,10572,7.05083,12.08,Generalist
Bombus ruderarius,Bombus,Apidae,31777347640840,10604,10.510964,19.603,Generalist
Hylaeus hyalinatus,Hylaeus,Colletidae,16276747098953,10659,14.32135,NA,Generalist
Osmia lignaria,Osmia,Megachilidae,17963553998667,11039,7.778255,NA,Generalist
Lasioglossum malachurum,Lasioglossum,Halictidae,17643848147288,11314,10.512934,21.067,Generalist
Lasioglossum villosulum,Lasioglossum,Halictidae,55213766213178,11330,1.521542,7.036,Generalist
Andrena nigroaenea,Andrena,Andrenidae,21859037856744,11711,11.873199,24.321,Generalist
Lasioglossum zonulum,Lasioglossum,Halictidae,35242655683090,11750,9.817409,15.335,Generalist
Lasioglossum versatum,Lasioglossum,Halictidae,8073335906118,11759,12.559941,NA,Generalist
Andrena wilkella,Andrena,Andrenidae,28272299018489,12103,3.355922,11.683,Generalist
Lasioglossum pilosum,Lasioglossum,Halictidae,12600084540071,12431,12.677564,NA,Generalist
Andrena clarkella,Andrena,Andrenidae,75854003954088,12607,1,1,Specialist
Colletes hederae,Colletes,Colletidae,6522043511997,12815,4.780439,NA,Generalist
Lasioglossum laticeps,Lasioglossum,Halictidae,11025648636431,13131,15.158611,17.278,Generalist
Andrena minutula,Andrena,Andrenidae,44414351445768,13154,11.287139,20.834,Generalist
Lasioglossum fulvicorne,Lasioglossum,Halictidae,22056919201700,13225,8.195766,13.267,Generalist
Hylaeus confusus,Hylaeus,Colletidae,41430102936769,13406,6.852367,NA,Generalist
Bombus perplexus,Bombus,Apidae,36194242705966,13468,13.657537,NA,Generalist
Lasioglossum pauxillum,Lasioglossum,Halictidae,11252892930055,13733,9.426275,18.913,Generalist
Ceratina calcarata,Ceratina,Apidae,9543188778048,14476,9.100156,NA,Generalist
Halictus scabiosae,Halictus,Halictidae,10465687163977,14952,4.11294,13.236,Generalist
Halictus confusus,Halictus,Halictidae,36642830443612,15111,12.823909,NA,Generalist
Bombus sylvarum,Bombus,Apidae,49151568164626,16198,9.528455,22.728,Generalist
Lasioglossum leucopus,Lasioglossum,Halictidae,16310542495205,16272,6.652891,11.441,Generalist
Colletes cunicularius,Colletes,Colletidae,31551757131322,16416,9.039784,NA,Generalist
Lasioglossum albipes,Lasioglossum,Halictidae,11653643547744,16432,7.995485,14.818,Generalist
Lasioglossum leucozonium,Lasioglossum,Halictidae,66993942601768,17030,5.087538,7.2753,Generalist
Andrena bicolor,Andrena,Andrenidae,31726741303691,17616,18.110335,30.011,Generalist
Augochlora pura,Augochlora,Halictidae,12227321754337,18202,10.820338,NA,Generalist
Bombus humilis,Bombus,Apidae,47523398535635,18231,9.471005,NA,Generalist
Bombus rufocinctus,Bombus,Apidae,34868542649579,18411,13.087611,NA,Generalist
Bombus soroeensis,Bombus,Apidae,55115355154115,19049,12.088426,17.896,Generalist
Hylaeus communis,Hylaeus,Colletidae,21413602758505,20312,14.118476,NA,Generalist
Andrena cineraria,Andrena,Andrenidae,39807613942863,20613,12.679539,19.444,Generalist
Bombus terricola,Bombus,Apidae,35654699740824,21825,13.327641,NA,Generalist
Bombus fervidus,Bombus,Apidae,26881678216118,22730,9.405945,NA,Generalist
Bombus vagans,Bombus,Apidae,24777558205919,22807,9.757004,NA,Generalist
Dasypoda hirtipes,Dasypoda,Melittidae,39093838274370,22997,1.576585,NA,Generalist
Agapostemon virescens,Agapostemon,Halictidae,19353479959340,23574,4.826446,NA,Generalist
Anthidium manicatum,Anthidium,Megachilidae,150868679995664,24930,4.794862,NA,Generalist
Andrena fulva,Andrena,Andrenidae,7925040387319,26483,6.643529,9.4437,Generalist
Halictus tumulorum,Halictus,Halictidae,48740774592342,26505,13.113593,21.263,Generalist
Andrena vaga,Andrena,Andrenidae,30187593776473,26832,1,NA,Specialist
Bombus ternarius,Bombus,Apidae,35384352230436,27150,11.562389,NA,Generalist
Andrena flavipes,Andrena,Andrenidae,28318808488056,27309,13.108437,31.061,Generalist
Anthophora plumipes,Anthophora,Apidae,60330514331585,27373,7.728844,NA,Generalist
Halictus rubicundus,Halictus,Halictidae,100874580987098,28745,13.221802,NA,Generalist
Osmia cornuta,Osmia,Megachilidae,12828503421310,29693,8.559766,NA,Generalist
Lasioglossum morio,Lasioglossum,Halictidae,21494792331827,30501,16.763503,24.405,Generalist
Lasioglossum calceatum,Lasioglossum,Halictidae,43079149959610,31796,14.296803,23.194,Generalist
Augochlorella aurata,Augochlorella,Halictidae,16191472276038,37260,12.81581,NA,Generalist
Bombus bimaculatus,Bombus,Apidae,14506558493211,42308,15.56828,NA,Generalist
Andrena haemorrhoa,Andrena,Andrenidae,51683099924643,44023,12.245116,20.974,Generalist
Halictus ligatus,Halictus,Halictidae,20097571788192,44196,2.760929,NA,Generalist
Osmia bicornis,Osmia,Megachilidae,36359912255141,45020,15.008247,NA,Generalist
Bombus pensylvanicus,Bombus,Apidae,17902865057539,48277,5.786411,NA,Generalist
Xylocopa virginica,Xylocopa,Apidae,33866791828875,51392,7.942681,NA,Generalist
Bombus hortorum,Bombus,Apidae,104148526431609,59875,11.650676,NA,Generalist
Bombus griseocollis,Bombus,Apidae,18940273082789,61793,15.365761,NA,Generalist
Bombus lucorum,Bombus,Apidae,74281489433796,87064,9.198417,12.35,Generalist
Bombus pratorum,Bombus,Apidae,36791566414866,113144,20.230205,NA,Generalist
Bombus impatiens,Bombus,Apidae,20683646887287,143207,16.549761,NA,Generalist
Bombus lapidarius,Bombus,Apidae,55849443943210,166823,13.152486,NA,Generalist
Bombus hypnorum,Bombus,Apidae,219390503984377,169601,14.478694,19.422,Generalist
Bombus terrestris,Bombus,Apidae,140453031578357,190780,18.906939,7.7002,Generalist
Bombus pascuorum,Bombus,Apidae,75534113450248,307511,15.327851,14.538,Generalist
